timestamp, memory.used [MiB], memory.free [MiB], utilization.gpu [%]
2026/05/22 11:26:02.807, 1082 MiB, 14862 MiB, 0 %
2026/05/22 11:26:03.811, 1082 MiB, 14862 MiB, 0 %
2026/05/22 11:26:04.812, 1082 MiB, 14862 MiB, 0 %
2026/05/22 11:26:05.812, 1082 MiB, 14862 MiB, 0 %
2026/05/22 11:26:06.812, 1082 MiB, 14862 MiB, 0 %
2026/05/22 11:26:07.812, 1082 MiB, 14862 MiB, 0 %
2026/05/22 11:26:08.812, 1082 MiB, 14862 MiB, 0 %
2026/05/22 11:26:09.813, 1082 MiB, 14862 MiB, 0 %
2026/05/22 11:26:10.813, 1082 MiB, 14862 MiB, 0 %
2026/05/22 11:26:11.813, 1082 MiB, 14862 MiB, 0 %
2026/05/22 11:26:12.813, 1082 MiB, 14862 MiB, 0 %
2026/05/22 11:26:13.814, 1082 MiB, 14862 MiB, 0 %
2026/05/22 11:26:14.814, 1082 MiB, 14862 MiB, 0 %
2026/05/22 11:26:15.814, 1082 MiB, 14862 MiB, 0 %
2026/05/22 11:26:16.814, 1082 MiB, 14862 MiB, 0 %
2026/05/22 11:26:17.814, 1082 MiB, 14862 MiB, 0 %
2026/05/22 11:26:18.815, 1082 MiB, 14862 MiB, 0 %
2026/05/22 11:26:19.815, 1082 MiB, 14862 MiB, 0 %
2026/05/22 11:26:20.815, 1082 MiB, 14862 MiB, 0 %
2026/05/22 11:26:21.815, 1082 MiB, 14862 MiB, 0 %
2026/05/22 11:26:22.815, 1082 MiB, 14862 MiB, 0 %
2026/05/22 11:26:23.815, 1082 MiB, 14862 MiB, 0 %
2026/05/22 11:26:24.816, 1082 MiB, 14862 MiB, 0 %
2026/05/22 11:26:25.816, 1082 MiB, 14862 MiB, 0 %
2026/05/22 11:26:26.816, 1082 MiB, 14862 MiB, 0 %
2026/05/22 11:26:27.816, 1082 MiB, 14862 MiB, 0 %
2026/05/22 11:26:28.817, 1082 MiB, 14862 MiB, 0 %
2026/05/22 11:26:29.817, 1082 MiB, 14862 MiB, 0 %
2026/05/22 11:26:30.817, 1082 MiB, 14862 MiB, 0 %
2026/05/22 11:26:31.817, 1082 MiB, 14862 MiB, 0 %
2026/05/22 11:26:32.817, 1082 MiB, 14862 MiB, 0 %
2026/05/22 11:26:33.818, 1082 MiB, 14862 MiB, 0 %
2026/05/22 11:26:34.818, 1082 MiB, 14862 MiB, 0 %
2026/05/22 11:26:35.818, 1082 MiB, 14862 MiB, 0 %
2026/05/22 11:26:36.818, 1082 MiB, 14862 MiB, 0 %
2026/05/22 11:26:37.818, 1082 MiB, 14862 MiB, 0 %
2026/05/22 11:26:38.819, 1082 MiB, 14862 MiB, 0 %
2026/05/22 11:26:39.819, 1082 MiB, 14862 MiB, 0 %
2026/05/22 11:26:40.819, 1082 MiB, 14862 MiB, 0 %
2026/05/22 11:26:41.819, 1082 MiB, 14862 MiB, 0 %
2026/05/22 11:26:42.819, 1082 MiB, 14862 MiB, 0 %
2026/05/22 11:26:43.820, 1082 MiB, 14862 MiB, 0 %
2026/05/22 11:26:44.820, 1082 MiB, 14862 MiB, 0 %
2026/05/22 11:26:45.820, 1082 MiB, 14862 MiB, 0 %
2026/05/22 11:26:46.820, 1082 MiB, 14862 MiB, 0 %
2026/05/22 11:26:47.820, 1082 MiB, 14862 MiB, 0 %
2026/05/22 11:26:48.821, 1082 MiB, 14862 MiB, 0 %
2026/05/22 11:26:49.821, 1082 MiB, 14862 MiB, 0 %
2026/05/22 11:26:50.821, 1082 MiB, 14862 MiB, 0 %
2026/05/22 11:26:51.821, 1082 MiB, 14862 MiB, 0 %
2026/05/22 11:26:52.821, 1082 MiB, 14862 MiB, 0 %
2026/05/22 11:26:53.822, 1082 MiB, 14862 MiB, 0 %
2026/05/22 11:26:54.822, 1082 MiB, 14862 MiB, 0 %
2026/05/22 11:26:55.822, 1082 MiB, 14862 MiB, 0 %
2026/05/22 11:26:56.822, 1082 MiB, 14862 MiB, 0 %
2026/05/22 11:26:57.822, 1082 MiB, 14862 MiB, 0 %
2026/05/22 11:26:58.823, 1082 MiB, 14862 MiB, 0 %
2026/05/22 11:26:59.823, 1082 MiB, 14862 MiB, 0 %
2026/05/22 11:27:00.823, 1082 MiB, 14862 MiB, 0 %
2026/05/22 11:27:01.823, 1082 MiB, 14862 MiB, 0 %
2026/05/22 11:27:02.823, 1082 MiB, 14862 MiB, 0 %
2026/05/22 11:27:03.824, 1082 MiB, 14862 MiB, 0 %
2026/05/22 11:27:04.824, 1082 MiB, 14862 MiB, 0 %
2026/05/22 11:27:05.824, 1082 MiB, 14862 MiB, 0 %
2026/05/22 11:27:06.824, 1082 MiB, 14862 MiB, 0 %
2026/05/22 11:27:07.824, 1082 MiB, 14862 MiB, 0 %
2026/05/22 11:27:08.825, 1082 MiB, 14862 MiB, 0 %
2026/05/22 11:27:09.825, 1082 MiB, 14862 MiB, 0 %
2026/05/22 11:27:10.825, 1082 MiB, 14862 MiB, 0 %
2026/05/22 11:27:11.825, 1082 MiB, 14862 MiB, 0 %
2026/05/22 11:27:12.825, 1082 MiB, 14862 MiB, 0 %
2026/05/22 11:27:13.826, 1082 MiB, 14862 MiB, 0 %
2026/05/22 11:27:14.826, 1082 MiB, 14862 MiB, 0 %
2026/05/22 11:27:15.826, 1082 MiB, 14862 MiB, 0 %
2026/05/22 11:27:16.826, 1082 MiB, 14862 MiB, 0 %
2026/05/22 11:27:17.826, 1082 MiB, 14862 MiB, 0 %
2026/05/22 11:27:18.827, 1082 MiB, 14862 MiB, 0 %
2026/05/22 11:27:19.827, 1082 MiB, 14862 MiB, 0 %
2026/05/22 11:27:20.827, 1082 MiB, 14862 MiB, 0 %
2026/05/22 11:27:21.827, 1082 MiB, 14862 MiB, 0 %
2026/05/22 11:27:22.827, 1082 MiB, 14862 MiB, 0 %
2026/05/22 11:27:23.828, 1082 MiB, 14862 MiB, 0 %
2026/05/22 11:27:24.828, 1082 MiB, 14862 MiB, 0 %
2026/05/22 11:27:25.828, 1082 MiB, 14862 MiB, 0 %
2026/05/22 11:27:26.828, 1082 MiB, 14862 MiB, 0 %
2026/05/22 11:27:27.828, 1082 MiB, 14862 MiB, 0 %
2026/05/22 11:27:28.829, 1082 MiB, 14862 MiB, 0 %
2026/05/22 11:27:29.829, 1082 MiB, 14862 MiB, 0 %
2026/05/22 11:27:30.829, 1082 MiB, 14862 MiB, 0 %
2026/05/22 11:27:31.829, 1082 MiB, 14862 MiB, 0 %
2026/05/22 11:27:32.829, 1082 MiB, 14862 MiB, 0 %
2026/05/22 11:27:33.830, 1082 MiB, 14862 MiB, 0 %
2026/05/22 11:27:34.830, 1082 MiB, 14862 MiB, 0 %
2026/05/22 11:27:35.830, 1082 MiB, 14862 MiB, 0 %
2026/05/22 11:27:36.830, 1082 MiB, 14862 MiB, 0 %
2026/05/22 11:27:37.831, 1082 MiB, 14862 MiB, 0 %
2026/05/22 11:27:38.831, 1082 MiB, 14862 MiB, 0 %
2026/05/22 11:27:39.831, 1082 MiB, 14862 MiB, 0 %
2026/05/22 11:27:40.831, 1082 MiB, 14862 MiB, 0 %
2026/05/22 11:27:41.831, 1082 MiB, 14862 MiB, 0 %
2026/05/22 11:27:42.832, 1082 MiB, 14862 MiB, 0 %
2026/05/22 11:27:43.832, 1082 MiB, 14862 MiB, 0 %
2026/05/22 11:27:44.832, 1082 MiB, 14862 MiB, 0 %
2026/05/22 11:27:45.832, 1082 MiB, 14862 MiB, 0 %
2026/05/22 11:27:46.832, 1082 MiB, 14862 MiB, 0 %
2026/05/22 11:27:47.833, 1082 MiB, 14862 MiB, 0 %
2026/05/22 11:27:48.833, 1082 MiB, 14862 MiB, 0 %
2026/05/22 11:27:49.833, 1082 MiB, 14862 MiB, 0 %
2026/05/22 11:27:50.833, 1082 MiB, 14862 MiB, 0 %
2026/05/22 11:27:51.833, 1082 MiB, 14862 MiB, 0 %
2026/05/22 11:27:52.834, 1082 MiB, 14862 MiB, 0 %
2026/05/22 11:27:53.834, 1082 MiB, 14862 MiB, 0 %
2026/05/22 11:27:54.834, 1082 MiB, 14862 MiB, 0 %
2026/05/22 11:27:55.834, 1082 MiB, 14862 MiB, 0 %
2026/05/22 11:27:56.834, 1082 MiB, 14862 MiB, 0 %
2026/05/22 11:27:57.835, 1082 MiB, 14862 MiB, 0 %
2026/05/22 11:27:58.835, 1082 MiB, 14862 MiB, 0 %
2026/05/22 11:27:59.835, 1082 MiB, 14862 MiB, 0 %
2026/05/22 11:28:00.835, 1082 MiB, 14862 MiB, 0 %
2026/05/22 11:28:01.835, 1082 MiB, 14862 MiB, 0 %
2026/05/22 11:28:02.836, 1082 MiB, 14862 MiB, 0 %
2026/05/22 11:28:03.836, 1082 MiB, 14862 MiB, 0 %
2026/05/22 11:28:04.836, 1082 MiB, 14862 MiB, 0 %
2026/05/22 11:28:05.836, 1082 MiB, 14862 MiB, 0 %
2026/05/22 11:28:06.836, 1082 MiB, 14862 MiB, 0 %
2026/05/22 11:28:07.837, 1309 MiB, 14635 MiB, 1 %
2026/05/22 11:28:08.837, 1309 MiB, 14635 MiB, 0 %
2026/05/22 11:28:09.837, 1309 MiB, 14635 MiB, 0 %
2026/05/22 11:28:10.837, 1309 MiB, 14635 MiB, 0 %
2026/05/22 11:28:11.837, 1309 MiB, 14635 MiB, 0 %
2026/05/22 11:28:12.838, 1309 MiB, 14635 MiB, 0 %
2026/05/22 11:28:13.838, 1309 MiB, 14635 MiB, 0 %
2026/05/22 11:28:14.838, 1309 MiB, 14635 MiB, 0 %
2026/05/22 11:28:15.838, 1981 MiB, 13963 MiB, 0 %
2026/05/22 11:28:16.838, 4045 MiB, 11899 MiB, 0 %
2026/05/22 11:28:17.839, 4045 MiB, 11899 MiB, 7 %
2026/05/22 11:28:18.839, 4621 MiB, 11323 MiB, 16 %
2026/05/22 11:28:19.839, 5293 MiB, 10651 MiB, 11 %
2026/05/22 11:28:20.839, 6061 MiB, 9883 MiB, 25 %
2026/05/22 11:28:21.840, 6829 MiB, 9115 MiB, 25 %
2026/05/22 11:28:22.840, 7597 MiB, 8347 MiB, 24 %
2026/05/22 11:28:23.840, 8333 MiB, 7611 MiB, 22 %
2026/05/22 11:28:24.840, 9069 MiB, 6875 MiB, 26 %
2026/05/22 11:28:25.840, 9837 MiB, 6107 MiB, 26 %
2026/05/22 11:28:26.841, 10605 MiB, 5339 MiB, 27 %
2026/05/22 11:28:27.841, 10997 MiB, 4947 MiB, 0 %
2026/05/22 11:28:28.841, 12645 MiB, 3299 MiB, 19 %
2026/05/22 11:28:29.841, 12645 MiB, 3299 MiB, 66 %
2026/05/22 11:28:30.841, 12645 MiB, 3299 MiB, 34 %
2026/05/22 11:28:31.842, 12645 MiB, 3299 MiB, 3 %
2026/05/22 11:28:32.842, 12645 MiB, 3299 MiB, 34 %
2026/05/22 11:28:33.842, 12645 MiB, 3299 MiB, 100 %
2026/05/22 11:28:34.842, 12613 MiB, 3331 MiB, 3 %
2026/05/22 11:28:35.842, 12645 MiB, 3299 MiB, 100 %
2026/05/22 11:28:36.843, 12773 MiB, 3171 MiB, 3 %
2026/05/22 11:28:37.843, 13061 MiB, 2883 MiB, 5 %
2026/05/22 11:28:38.843, 13221 MiB, 2723 MiB, 100 %
2026/05/22 11:28:39.843, 13383 MiB, 2561 MiB, 3 %
2026/05/22 11:28:40.843, 13383 MiB, 2561 MiB, 3 %
2026/05/22 11:28:41.844, 13383 MiB, 2561 MiB, 6 %
2026/05/22 11:28:42.844, 12743 MiB, 3201 MiB, 30 %
2026/05/22 11:28:43.844, 12935 MiB, 3009 MiB, 48 %
2026/05/22 11:28:44.844, 13095 MiB, 2849 MiB, 29 %
2026/05/22 11:28:45.845, 13223 MiB, 2721 MiB, 100 %
2026/05/22 11:28:46.845, 13383 MiB, 2561 MiB, 0 %
2026/05/22 11:28:47.845, 13383 MiB, 2561 MiB, 1 %
2026/05/22 11:28:48.845, 12743 MiB, 3201 MiB, 24 %
2026/05/22 11:28:49.846, 12967 MiB, 2977 MiB, 9 %
2026/05/22 11:28:50.846, 13159 MiB, 2785 MiB, 12 %
2026/05/22 11:28:51.846, 13319 MiB, 2625 MiB, 2 %
2026/05/22 11:28:52.846, 13319 MiB, 2625 MiB, 0 %
2026/05/22 11:28:53.846, 12711 MiB, 3233 MiB, 0 %
2026/05/22 11:28:54.847, 12903 MiB, 3041 MiB, 13 %
2026/05/22 11:28:55.847, 13127 MiB, 2817 MiB, 100 %
2026/05/22 11:28:56.847, 13127 MiB, 2817 MiB, 0 %
2026/05/22 11:28:57.847, 12647 MiB, 3297 MiB, 0 %
2026/05/22 11:28:58.847, 12871 MiB, 3073 MiB, 28 %
2026/05/22 11:28:59.848, 13095 MiB, 2849 MiB, 30 %
2026/05/22 11:29:00.848, 13255 MiB, 2689 MiB, 100 %
2026/05/22 11:29:01.848, 13415 MiB, 2529 MiB, 0 %
2026/05/22 11:29:02.848, 13415 MiB, 2529 MiB, 0 %
2026/05/22 11:29:03.848, 12647 MiB, 3297 MiB, 0 %
2026/05/22 11:29:04.849, 12839 MiB, 3105 MiB, 12 %
2026/05/22 11:29:05.849, 13095 MiB, 2849 MiB, 9 %
2026/05/22 11:29:06.849, 13351 MiB, 2593 MiB, 53 %
2026/05/22 11:29:07.849, 13351 MiB, 2593 MiB, 0 %
2026/05/22 11:29:08.849, 13351 MiB, 2593 MiB, 0 %
2026/05/22 11:29:09.850, 12807 MiB, 3137 MiB, 9 %
2026/05/22 11:29:10.850, 13031 MiB, 2913 MiB, 7 %
2026/05/22 11:29:11.850, 13191 MiB, 2753 MiB, 100 %
2026/05/22 11:29:12.850, 13319 MiB, 2625 MiB, 1 %
2026/05/22 11:29:13.850, 13319 MiB, 2625 MiB, 0 %
2026/05/22 11:29:14.851, 12743 MiB, 3201 MiB, 13 %
2026/05/22 11:29:15.851, 12999 MiB, 2945 MiB, 10 %
2026/05/22 11:29:16.851, 13223 MiB, 2721 MiB, 100 %
2026/05/22 11:29:17.851, 13223 MiB, 2721 MiB, 0 %
2026/05/22 11:29:18.851, 12647 MiB, 3297 MiB, 1 %
2026/05/22 11:29:19.852, 12871 MiB, 3073 MiB, 9 %
2026/05/22 11:29:20.852, 13095 MiB, 2849 MiB, 19 %
2026/05/22 11:29:21.852, 13255 MiB, 2689 MiB, 100 %
2026/05/22 11:29:22.852, 13415 MiB, 2529 MiB, 1 %
2026/05/22 11:29:23.852, 13415 MiB, 2529 MiB, 1 %
2026/05/22 11:29:24.853, 12679 MiB, 3265 MiB, 14 %
2026/05/22 11:29:25.853, 12903 MiB, 3041 MiB, 9 %
2026/05/22 11:29:26.853, 13127 MiB, 2817 MiB, 62 %
2026/05/22 11:29:27.853, 13255 MiB, 2689 MiB, 0 %
2026/05/22 11:29:28.853, 13255 MiB, 2689 MiB, 1 %
2026/05/22 11:29:29.854, 12743 MiB, 3201 MiB, 7 %
2026/05/22 11:29:30.854, 12967 MiB, 2977 MiB, 7 %
2026/05/22 11:29:31.854, 13223 MiB, 2721 MiB, 8 %
2026/05/22 11:29:32.854, 13415 MiB, 2529 MiB, 6 %
2026/05/22 11:29:33.854, 13415 MiB, 2529 MiB, 0 %
2026/05/22 11:29:34.855, 13415 MiB, 2529 MiB, 0 %
2026/05/22 11:29:35.855, 12839 MiB, 3105 MiB, 9 %
2026/05/22 11:29:36.855, 13095 MiB, 2849 MiB, 9 %
2026/05/22 11:29:37.855, 13319 MiB, 2625 MiB, 21 %
2026/05/22 11:29:38.855, 13319 MiB, 2625 MiB, 0 %
2026/05/22 11:29:39.856, 13319 MiB, 2625 MiB, 0 %
2026/05/22 11:29:40.856, 12807 MiB, 3137 MiB, 7 %
2026/05/22 11:29:41.856, 13031 MiB, 2913 MiB, 16 %
2026/05/22 11:29:42.856, 13255 MiB, 2689 MiB, 10 %
2026/05/22 11:29:43.856, 13447 MiB, 2497 MiB, 7 %
2026/05/22 11:29:44.857, 13447 MiB, 2497 MiB, 1 %
2026/05/22 11:29:45.857, 13447 MiB, 2497 MiB, 1 %
2026/05/22 11:29:46.857, 12743 MiB, 3201 MiB, 32 %
2026/05/22 11:29:47.857, 12967 MiB, 2977 MiB, 25 %
2026/05/22 11:29:48.857, 13127 MiB, 2817 MiB, 100 %
2026/05/22 11:29:49.858, 13255 MiB, 2689 MiB, 0 %
2026/05/22 11:29:50.858, 13255 MiB, 2689 MiB, 1 %
2026/05/22 11:29:51.858, 12743 MiB, 3201 MiB, 9 %
2026/05/22 11:29:52.858, 12967 MiB, 2977 MiB, 8 %
2026/05/22 11:29:53.859, 13191 MiB, 2753 MiB, 10 %
2026/05/22 11:29:54.859, 13383 MiB, 2561 MiB, 0 %
2026/05/22 11:29:55.859, 13383 MiB, 2561 MiB, 0 %
2026/05/22 11:29:56.859, 12647 MiB, 3297 MiB, 1 %
2026/05/22 11:29:57.859, 12839 MiB, 3105 MiB, 16 %
2026/05/22 11:29:58.860, 13031 MiB, 2913 MiB, 28 %
2026/05/22 11:29:59.860, 13255 MiB, 2689 MiB, 25 %
2026/05/22 11:30:00.860, 13415 MiB, 2529 MiB, 2 %
2026/05/22 11:30:01.860, 13415 MiB, 2529 MiB, 0 %
2026/05/22 11:30:02.860, 13415 MiB, 2529 MiB, 0 %
2026/05/22 11:30:03.861, 12679 MiB, 3265 MiB, 8 %
2026/05/22 11:30:04.861, 12935 MiB, 3009 MiB, 12 %
2026/05/22 11:30:05.861, 13223 MiB, 2721 MiB, 10 %
2026/05/22 11:30:06.861, 13415 MiB, 2529 MiB, 2 %
2026/05/22 11:30:07.861, 13415 MiB, 2529 MiB, 0 %
2026/05/22 11:30:08.862, 13415 MiB, 2529 MiB, 0 %
2026/05/22 11:30:09.862, 12775 MiB, 3169 MiB, 9 %
2026/05/22 11:30:10.862, 12999 MiB, 2945 MiB, 8 %
2026/05/22 11:30:11.862, 13191 MiB, 2753 MiB, 100 %
2026/05/22 11:30:12.862, 13351 MiB, 2593 MiB, 0 %
2026/05/22 11:30:13.863, 13351 MiB, 2593 MiB, 1 %
2026/05/22 11:30:14.863, 12711 MiB, 3233 MiB, 1 %
2026/05/22 11:30:15.863, 12903 MiB, 3041 MiB, 31 %
2026/05/22 11:30:16.863, 13063 MiB, 2881 MiB, 25 %
2026/05/22 11:30:17.863, 13319 MiB, 2625 MiB, 17 %
2026/05/22 11:30:18.864, 13319 MiB, 2625 MiB, 0 %
2026/05/22 11:30:19.864, 13319 MiB, 2625 MiB, 0 %
2026/05/22 11:30:20.864, 12775 MiB, 3169 MiB, 14 %
2026/05/22 11:30:21.864, 13031 MiB, 2913 MiB, 14 %
2026/05/22 11:30:22.864, 13127 MiB, 2817 MiB, 0 %
2026/05/22 11:30:23.865, 13127 MiB, 2817 MiB, 1 %
2026/05/22 11:30:24.865, 12743 MiB, 3201 MiB, 8 %
2026/05/22 11:30:25.865, 12999 MiB, 2945 MiB, 14 %
2026/05/22 11:30:26.865, 13255 MiB, 2689 MiB, 17 %
2026/05/22 11:30:27.865, 13415 MiB, 2529 MiB, 0 %
2026/05/22 11:30:28.866, 13415 MiB, 2529 MiB, 0 %
2026/05/22 11:30:29.866, 12647 MiB, 3297 MiB, 0 %
2026/05/22 11:30:30.866, 12839 MiB, 3105 MiB, 11 %
2026/05/22 11:30:31.866, 13095 MiB, 2849 MiB, 8 %
2026/05/22 11:30:32.866, 13351 MiB, 2593 MiB, 85 %
2026/05/22 11:30:33.867, 13351 MiB, 2593 MiB, 0 %
2026/05/22 11:30:34.867, 13351 MiB, 2593 MiB, 0 %
2026/05/22 11:30:35.867, 12743 MiB, 3201 MiB, 13 %
2026/05/22 11:30:36.867, 12967 MiB, 2977 MiB, 12 %
2026/05/22 11:30:37.867, 13159 MiB, 2785 MiB, 100 %
2026/05/22 11:30:38.868, 13319 MiB, 2625 MiB, 1 %
2026/05/22 11:30:39.868, 13319 MiB, 2625 MiB, 0 %
2026/05/22 11:30:40.868, 12775 MiB, 3169 MiB, 12 %
2026/05/22 11:30:41.868, 12967 MiB, 2977 MiB, 9 %
2026/05/22 11:30:42.868, 13223 MiB, 2721 MiB, 90 %
2026/05/22 11:30:43.869, 13223 MiB, 2721 MiB, 0 %
2026/05/22 11:30:44.869, 13223 MiB, 2721 MiB, 0 %
2026/05/22 11:30:45.869, 12775 MiB, 3169 MiB, 10 %
2026/05/22 11:30:46.869, 13031 MiB, 2913 MiB, 8 %
2026/05/22 11:30:47.869, 13223 MiB, 2721 MiB, 93 %
2026/05/22 11:30:48.870, 13415 MiB, 2529 MiB, 0 %
2026/05/22 11:30:49.870, 13415 MiB, 2529 MiB, 0 %
2026/05/22 11:30:50.870, 12647 MiB, 3297 MiB, 1 %
2026/05/22 11:30:51.870, 12807 MiB, 3137 MiB, 19 %
2026/05/22 11:30:52.870, 12999 MiB, 2945 MiB, 47 %
2026/05/22 11:30:53.871, 13127 MiB, 2817 MiB, 100 %
2026/05/22 11:30:54.871, 13255 MiB, 2689 MiB, 0 %
2026/05/22 11:30:55.871, 13255 MiB, 2689 MiB, 0 %
2026/05/22 11:30:56.871, 12775 MiB, 3169 MiB, 16 %
2026/05/22 11:30:57.871, 12903 MiB, 3041 MiB, 29 %
2026/05/22 11:30:58.872, 13127 MiB, 2817 MiB, 23 %
2026/05/22 11:30:59.872, 13223 MiB, 2721 MiB, 100 %
2026/05/22 11:31:00.872, 13415 MiB, 2529 MiB, 1 %
2026/05/22 11:31:01.872, 13415 MiB, 2529 MiB, 1 %
2026/05/22 11:31:02.873, 12679 MiB, 3265 MiB, 20 %
2026/05/22 11:31:03.873, 12903 MiB, 3041 MiB, 9 %
2026/05/22 11:31:04.873, 13191 MiB, 2753 MiB, 10 %
2026/05/22 11:31:05.873, 13319 MiB, 2625 MiB, 1 %
2026/05/22 11:31:06.873, 13319 MiB, 2625 MiB, 0 %
2026/05/22 11:31:07.874, 12679 MiB, 3265 MiB, 0 %
2026/05/22 11:31:08.874, 12871 MiB, 3073 MiB, 11 %
2026/05/22 11:31:09.874, 13127 MiB, 2817 MiB, 8 %
2026/05/22 11:31:10.874, 13255 MiB, 2689 MiB, 100 %
2026/05/22 11:31:11.874, 13447 MiB, 2497 MiB, 1 %
2026/05/22 11:31:12.875, 13447 MiB, 2497 MiB, 1 %
2026/05/22 11:31:13.875, 12647 MiB, 3297 MiB, 1 %
2026/05/22 11:31:14.875, 12807 MiB, 3137 MiB, 28 %
2026/05/22 11:31:15.875, 12999 MiB, 2945 MiB, 26 %
2026/05/22 11:31:16.875, 13127 MiB, 2817 MiB, 100 %
2026/05/22 11:31:17.876, 13255 MiB, 2689 MiB, 0 %
2026/05/22 11:31:18.876, 13255 MiB, 2689 MiB, 0 %
2026/05/22 11:31:19.876, 12743 MiB, 3201 MiB, 17 %
2026/05/22 11:31:20.876, 12935 MiB, 3009 MiB, 17 %
2026/05/22 11:31:21.876, 13191 MiB, 2753 MiB, 24 %
2026/05/22 11:31:22.877, 13383 MiB, 2561 MiB, 2 %
2026/05/22 11:31:23.877, 13383 MiB, 2561 MiB, 0 %
2026/05/22 11:31:24.877, 13383 MiB, 2561 MiB, 1 %
2026/05/22 11:31:25.877, 12807 MiB, 3137 MiB, 11 %
2026/05/22 11:31:26.877, 13031 MiB, 2913 MiB, 8 %
2026/05/22 11:31:27.878, 13255 MiB, 2689 MiB, 99 %
2026/05/22 11:31:28.878, 13415 MiB, 2529 MiB, 0 %
2026/05/22 11:31:29.878, 13415 MiB, 2529 MiB, 0 %
2026/05/22 11:31:30.878, 12615 MiB, 3329 MiB, 0 %
2026/05/22 11:31:31.878, 12807 MiB, 3137 MiB, 16 %
2026/05/22 11:31:32.879, 13031 MiB, 2913 MiB, 23 %
2026/05/22 11:31:33.879, 13223 MiB, 2721 MiB, 21 %
2026/05/22 11:31:34.879, 13415 MiB, 2529 MiB, 0 %
2026/05/22 11:31:35.879, 13415 MiB, 2529 MiB, 0 %
2026/05/22 11:31:36.879, 12647 MiB, 3297 MiB, 0 %
2026/05/22 11:31:37.880, 12807 MiB, 3137 MiB, 18 %
2026/05/22 11:31:38.880, 12999 MiB, 2945 MiB, 27 %
2026/05/22 11:31:39.880, 13191 MiB, 2753 MiB, 23 %
2026/05/22 11:31:40.880, 13351 MiB, 2593 MiB, 0 %
2026/05/22 11:31:41.880, 13351 MiB, 2593 MiB, 0 %
2026/05/22 11:31:42.881, 12679 MiB, 3265 MiB, 0 %
2026/05/22 11:31:43.881, 12839 MiB, 3105 MiB, 29 %
2026/05/22 11:31:44.881, 13031 MiB, 2913 MiB, 49 %
2026/05/22 11:31:45.881, 13159 MiB, 2785 MiB, 100 %
2026/05/22 11:31:46.881, 13319 MiB, 2625 MiB, 0 %
2026/05/22 11:31:47.882, 13319 MiB, 2625 MiB, 1 %
2026/05/22 11:31:48.882, 12743 MiB, 3201 MiB, 15 %
2026/05/22 11:31:49.882, 12967 MiB, 2977 MiB, 12 %
2026/05/22 11:31:50.882, 13127 MiB, 2817 MiB, 3 %
2026/05/22 11:31:51.882, 13127 MiB, 2817 MiB, 0 %
2026/05/22 11:31:52.883, 12711 MiB, 3233 MiB, 7 %
2026/05/22 11:31:53.883, 12935 MiB, 3009 MiB, 10 %
2026/05/22 11:31:54.883, 13255 MiB, 2689 MiB, 8 %
2026/05/22 11:31:55.883, 13415 MiB, 2529 MiB, 2 %
2026/05/22 11:31:56.883, 13415 MiB, 2529 MiB, 0 %
2026/05/22 11:31:57.884, 13415 MiB, 2529 MiB, 1 %
2026/05/22 11:31:58.884, 12807 MiB, 3137 MiB, 11 %
2026/05/22 11:31:59.884, 13031 MiB, 2913 MiB, 10 %
2026/05/22 11:32:00.884, 13191 MiB, 2753 MiB, 100 %
2026/05/22 11:32:01.884, 13351 MiB, 2593 MiB, 0 %
2026/05/22 11:32:02.885, 13351 MiB, 2593 MiB, 1 %
2026/05/22 11:32:03.885, 12711 MiB, 3233 MiB, 19 %
2026/05/22 11:32:04.885, 12967 MiB, 2977 MiB, 8 %
2026/05/22 11:32:05.885, 13159 MiB, 2785 MiB, 9 %
2026/05/22 11:32:06.885, 13319 MiB, 2625 MiB, 0 %
2026/05/22 11:32:07.886, 13319 MiB, 2625 MiB, 0 %
2026/05/22 11:32:08.886, 12647 MiB, 3297 MiB, 0 %
2026/05/22 11:32:09.886, 12871 MiB, 3073 MiB, 12 %
2026/05/22 11:32:10.886, 13095 MiB, 2849 MiB, 34 %
2026/05/22 11:32:11.886, 13223 MiB, 2721 MiB, 0 %
2026/05/22 11:32:12.887, 13223 MiB, 2721 MiB, 0 %
2026/05/22 11:32:13.887, 12743 MiB, 3201 MiB, 10 %
2026/05/22 11:32:14.887, 12999 MiB, 2945 MiB, 8 %
2026/05/22 11:32:15.887, 13223 MiB, 2721 MiB, 8 %
2026/05/22 11:32:16.887, 13415 MiB, 2529 MiB, 7 %
2026/05/22 11:32:17.888, 13415 MiB, 2529 MiB, 1 %
2026/05/22 11:32:18.888, 13415 MiB, 2529 MiB, 0 %
2026/05/22 11:32:19.888, 12775 MiB, 3169 MiB, 20 %
2026/05/22 11:32:20.888, 12967 MiB, 2977 MiB, 26 %
2026/05/22 11:32:21.888, 13127 MiB, 2817 MiB, 100 %
2026/05/22 11:32:22.889, 13255 MiB, 2689 MiB, 0 %
2026/05/22 11:32:23.889, 13255 MiB, 2689 MiB, 0 %
2026/05/22 11:32:24.889, 12807 MiB, 3137 MiB, 11 %
2026/05/22 11:32:25.889, 12967 MiB, 2977 MiB, 8 %
2026/05/22 11:32:26.889, 13223 MiB, 2721 MiB, 9 %
2026/05/22 11:32:27.890, 13415 MiB, 2529 MiB, 7 %
2026/05/22 11:32:28.890, 13415 MiB, 2529 MiB, 1 %
2026/05/22 11:32:29.890, 13415 MiB, 2529 MiB, 0 %
2026/05/22 11:32:30.890, 12839 MiB, 3105 MiB, 9 %
2026/05/22 11:32:31.890, 13095 MiB, 2849 MiB, 9 %
2026/05/22 11:32:32.891, 13319 MiB, 2625 MiB, 69 %
2026/05/22 11:32:33.891, 13319 MiB, 2625 MiB, 0 %
2026/05/22 11:32:34.891, 13319 MiB, 2625 MiB, 0 %
2026/05/22 11:32:35.891, 12807 MiB, 3137 MiB, 10 %
2026/05/22 11:32:36.892, 13063 MiB, 2881 MiB, 8 %
2026/05/22 11:32:37.892, 13255 MiB, 2689 MiB, 45 %
2026/05/22 11:32:38.892, 13447 MiB, 2497 MiB, 0 %
2026/05/22 11:32:39.892, 13447 MiB, 2497 MiB, 0 %
2026/05/22 11:32:40.892, 12647 MiB, 3297 MiB, 0 %
2026/05/22 11:32:41.893, 12807 MiB, 3137 MiB, 11 %
2026/05/22 11:32:42.893, 13127 MiB, 2817 MiB, 8 %
2026/05/22 11:32:43.893, 13255 MiB, 2689 MiB, 3 %
2026/05/22 11:32:44.893, 13255 MiB, 2689 MiB, 1 %
2026/05/22 11:32:45.893, 12711 MiB, 3233 MiB, 0 %
2026/05/22 11:32:46.894, 12871 MiB, 3073 MiB, 9 %
2026/05/22 11:32:47.894, 13095 MiB, 2849 MiB, 9 %
2026/05/22 11:32:48.894, 13383 MiB, 2561 MiB, 2 %
2026/05/22 11:32:49.894, 13383 MiB, 2561 MiB, 0 %
2026/05/22 11:32:50.894, 13383 MiB, 2561 MiB, 0 %
2026/05/22 11:32:51.895, 12807 MiB, 3137 MiB, 8 %
2026/05/22 11:32:52.895, 13031 MiB, 2913 MiB, 8 %
2026/05/22 11:32:53.895, 13255 MiB, 2689 MiB, 76 %
2026/05/22 11:32:54.895, 13415 MiB, 2529 MiB, 0 %
2026/05/22 11:32:55.895, 13415 MiB, 2529 MiB, 0 %
2026/05/22 11:32:56.896, 12615 MiB, 3329 MiB, 0 %
2026/05/22 11:32:57.896, 12839 MiB, 3105 MiB, 28 %
2026/05/22 11:32:58.896, 13063 MiB, 2881 MiB, 34 %
2026/05/22 11:32:59.896, 13223 MiB, 2721 MiB, 100 %
2026/05/22 11:33:00.896, 13415 MiB, 2529 MiB, 0 %
2026/05/22 11:33:01.897, 13415 MiB, 2529 MiB, 0 %
2026/05/22 11:33:02.897, 12647 MiB, 3297 MiB, 0 %
2026/05/22 11:33:03.897, 12839 MiB, 3105 MiB, 13 %
2026/05/22 11:33:04.897, 13063 MiB, 2881 MiB, 8 %
2026/05/22 11:33:05.897, 13223 MiB, 2721 MiB, 100 %
2026/05/22 11:33:06.898, 13351 MiB, 2593 MiB, 0 %
2026/05/22 11:33:07.898, 13351 MiB, 2593 MiB, 0 %
2026/05/22 11:33:08.898, 12743 MiB, 3201 MiB, 96 %
2026/05/22 11:33:09.898, 12711 MiB, 3233 MiB, 36 %
2026/05/22 11:33:10.898, 12679 MiB, 3265 MiB, 6 %
2026/05/22 11:33:11.899, 12711 MiB, 3233 MiB, 3 %
2026/05/22 11:33:12.899, 12711 MiB, 3233 MiB, 84 %
2026/05/22 11:33:13.899, 12679 MiB, 3265 MiB, 44 %
2026/05/22 11:33:14.899, 12711 MiB, 3233 MiB, 55 %
2026/05/22 11:33:15.899, 12711 MiB, 3233 MiB, 42 %
2026/05/22 11:33:16.900, 12807 MiB, 3137 MiB, 3 %
2026/05/22 11:33:17.900, 13063 MiB, 2881 MiB, 3 %
2026/05/22 11:33:18.900, 13319 MiB, 2625 MiB, 3 %
2026/05/22 11:33:19.900, 13319 MiB, 2625 MiB, 0 %
2026/05/22 11:33:20.900, 13319 MiB, 2625 MiB, 1 %
2026/05/22 11:33:21.901, 12807 MiB, 3137 MiB, 34 %
2026/05/22 11:33:22.901, 12967 MiB, 2977 MiB, 28 %
2026/05/22 11:33:23.901, 13159 MiB, 2785 MiB, 3 %
2026/05/22 11:33:24.901, 13159 MiB, 2785 MiB, 0 %
2026/05/22 11:33:25.901, 12679 MiB, 3265 MiB, 7 %
2026/05/22 11:33:26.901, 12935 MiB, 3009 MiB, 7 %
2026/05/22 11:33:27.902, 13255 MiB, 2689 MiB, 11 %
2026/05/22 11:33:28.902, 13415 MiB, 2529 MiB, 2 %
2026/05/22 11:33:29.902, 13415 MiB, 2529 MiB, 0 %
2026/05/22 11:33:30.902, 13415 MiB, 2529 MiB, 0 %
2026/05/22 11:33:31.903, 12775 MiB, 3169 MiB, 10 %
2026/05/22 11:33:32.903, 12999 MiB, 2945 MiB, 9 %
2026/05/22 11:33:33.903, 13191 MiB, 2753 MiB, 100 %
2026/05/22 11:33:34.903, 13351 MiB, 2593 MiB, 0 %
2026/05/22 11:33:35.903, 13351 MiB, 2593 MiB, 0 %
2026/05/22 11:33:36.904, 12711 MiB, 3233 MiB, 1 %
2026/05/22 11:33:37.904, 12935 MiB, 3009 MiB, 8 %
2026/05/22 11:33:38.904, 13191 MiB, 2753 MiB, 9 %
2026/05/22 11:33:39.904, 13319 MiB, 2625 MiB, 0 %
2026/05/22 11:33:40.904, 13319 MiB, 2625 MiB, 0 %
2026/05/22 11:33:41.904, 12679 MiB, 3265 MiB, 0 %
2026/05/22 11:33:42.905, 12935 MiB, 3009 MiB, 9 %
2026/05/22 11:33:43.905, 13095 MiB, 2849 MiB, 100 %
2026/05/22 11:33:44.905, 13223 MiB, 2721 MiB, 1 %
2026/05/22 11:33:45.905, 13223 MiB, 2721 MiB, 0 %
2026/05/22 11:33:46.905, 12743 MiB, 3201 MiB, 8 %
2026/05/22 11:33:47.906, 12999 MiB, 2945 MiB, 9 %
2026/05/22 11:33:48.906, 13223 MiB, 2721 MiB, 86 %
2026/05/22 11:33:49.906, 13415 MiB, 2529 MiB, 0 %
2026/05/22 11:33:50.906, 13415 MiB, 2529 MiB, 0 %
2026/05/22 11:33:51.906, 12647 MiB, 3297 MiB, 1 %
2026/05/22 11:33:52.907, 12839 MiB, 3105 MiB, 18 %
2026/05/22 11:33:53.907, 13031 MiB, 2913 MiB, 30 %
2026/05/22 11:33:54.907, 13255 MiB, 2689 MiB, 99 %
2026/05/22 11:33:55.907, 13255 MiB, 2689 MiB, 0 %
2026/05/22 11:33:56.907, 13255 MiB, 2689 MiB, 1 %
2026/05/22 11:33:57.908, 12839 MiB, 3105 MiB, 9 %
2026/05/22 11:33:58.908, 13063 MiB, 2881 MiB, 9 %
2026/05/22 11:33:59.908, 13223 MiB, 2721 MiB, 100 %
2026/05/22 11:34:00.908, 13415 MiB, 2529 MiB, 0 %
2026/05/22 11:34:01.908, 13415 MiB, 2529 MiB, 0 %
2026/05/22 11:34:02.909, 12647 MiB, 3297 MiB, 0 %
2026/05/22 11:34:03.909, 12871 MiB, 3073 MiB, 11 %
2026/05/22 11:34:04.909, 13191 MiB, 2753 MiB, 22 %
2026/05/22 11:34:05.909, 13319 MiB, 2625 MiB, 3 %
2026/05/22 11:34:06.909, 13319 MiB, 2625 MiB, 1 %
2026/05/22 11:34:07.910, 12679 MiB, 3265 MiB, 0 %
2026/05/22 11:34:08.910, 12839 MiB, 3105 MiB, 8 %
2026/05/22 11:34:09.910, 13063 MiB, 2881 MiB, 13 %
2026/05/22 11:34:10.910, 13255 MiB, 2689 MiB, 100 %
2026/05/22 11:34:11.910, 13447 MiB, 2497 MiB, 0 %
2026/05/22 11:34:12.911, 13447 MiB, 2497 MiB, 0 %
2026/05/22 11:34:13.911, 12679 MiB, 3265 MiB, 0 %
2026/05/22 11:34:14.911, 12839 MiB, 3105 MiB, 12 %
2026/05/22 11:34:15.911, 13127 MiB, 2817 MiB, 15 %
2026/05/22 11:34:16.911, 13255 MiB, 2689 MiB, 3 %
2026/05/22 11:34:17.912, 13255 MiB, 2689 MiB, 0 %
2026/05/22 11:34:18.912, 12711 MiB, 3233 MiB, 0 %
2026/05/22 11:34:19.912, 12903 MiB, 3041 MiB, 8 %
2026/05/22 11:34:20.912, 13191 MiB, 2753 MiB, 17 %
2026/05/22 11:34:21.912, 13383 MiB, 2561 MiB, 2 %
2026/05/22 11:34:22.913, 13383 MiB, 2561 MiB, 1 %
2026/05/22 11:34:23.913, 13383 MiB, 2561 MiB, 0 %
2026/05/22 11:34:24.913, 12807 MiB, 3137 MiB, 18 %
2026/05/22 11:34:25.913, 13031 MiB, 2913 MiB, 15 %
2026/05/22 11:34:26.913, 13255 MiB, 2689 MiB, 29 %
2026/05/22 11:34:27.914, 13415 MiB, 2529 MiB, 8 %
2026/05/22 11:34:28.914, 13415 MiB, 2529 MiB, 1 %
2026/05/22 11:34:29.914, 13415 MiB, 2529 MiB, 0 %
2026/05/22 11:34:30.914, 12775 MiB, 3169 MiB, 9 %
2026/05/22 11:34:31.914, 13031 MiB, 2913 MiB, 9 %
2026/05/22 11:34:32.915, 13223 MiB, 2721 MiB, 100 %
2026/05/22 11:34:33.915, 13415 MiB, 2529 MiB, 0 %
2026/05/22 11:34:34.915, 13415 MiB, 2529 MiB, 0 %
2026/05/22 11:34:35.915, 12647 MiB, 3297 MiB, 0 %
2026/05/22 11:34:36.915, 12839 MiB, 3105 MiB, 31 %
2026/05/22 11:34:37.916, 12999 MiB, 2945 MiB, 49 %
2026/05/22 11:34:38.916, 13191 MiB, 2753 MiB, 100 %
2026/05/22 11:34:39.916, 13351 MiB, 2593 MiB, 0 %
2026/05/22 11:34:40.916, 13351 MiB, 2593 MiB, 0 %
2026/05/22 11:34:41.917, 12679 MiB, 3265 MiB, 0 %
2026/05/22 11:34:42.917, 12935 MiB, 3009 MiB, 9 %
2026/05/22 11:34:43.917, 13159 MiB, 2785 MiB, 10 %
2026/05/22 11:34:44.917, 13319 MiB, 2625 MiB, 2 %
2026/05/22 11:34:45.917, 13319 MiB, 2625 MiB, 1 %
2026/05/22 11:34:46.918, 12679 MiB, 3265 MiB, 0 %
2026/05/22 11:34:47.918, 12839 MiB, 3105 MiB, 13 %
2026/05/22 11:34:48.918, 13031 MiB, 2913 MiB, 100 %
2026/05/22 11:34:49.918, 13159 MiB, 2785 MiB, 1 %
2026/05/22 11:34:50.918, 13159 MiB, 2785 MiB, 0 %
2026/05/22 11:34:51.919, 12807 MiB, 3137 MiB, 14 %
2026/05/22 11:34:52.919, 13031 MiB, 2913 MiB, 17 %
2026/05/22 11:34:53.919, 13255 MiB, 2689 MiB, 73 %
2026/05/22 11:34:54.919, 13415 MiB, 2529 MiB, 0 %
2026/05/22 11:34:55.919, 13415 MiB, 2529 MiB, 0 %
2026/05/22 11:34:56.920, 12647 MiB, 3297 MiB, 0 %
2026/05/22 11:34:57.920, 12839 MiB, 3105 MiB, 13 %
2026/05/22 11:34:58.920, 13095 MiB, 2849 MiB, 10 %
2026/05/22 11:34:59.920, 13351 MiB, 2593 MiB, 39 %
2026/05/22 11:35:00.920, 13351 MiB, 2593 MiB, 0 %
2026/05/22 11:35:01.920, 13351 MiB, 2593 MiB, 0 %
2026/05/22 11:35:02.921, 12775 MiB, 3169 MiB, 9 %
2026/05/22 11:35:03.921, 12999 MiB, 2945 MiB, 9 %
2026/05/22 11:35:04.921, 13191 MiB, 2753 MiB, 100 %
2026/05/22 11:35:05.921, 13319 MiB, 2625 MiB, 0 %
2026/05/22 11:35:06.922, 13319 MiB, 2625 MiB, 0 %
2026/05/22 11:35:07.922, 12743 MiB, 3201 MiB, 10 %
2026/05/22 11:35:08.922, 12999 MiB, 2945 MiB, 13 %
2026/05/22 11:35:09.922, 13223 MiB, 2721 MiB, 3 %
2026/05/22 11:35:10.922, 13223 MiB, 2721 MiB, 1 %
2026/05/22 11:35:11.923, 12647 MiB, 3297 MiB, 0 %
2026/05/22 11:35:12.923, 12871 MiB, 3073 MiB, 7 %
2026/05/22 11:35:13.923, 13127 MiB, 2817 MiB, 9 %
2026/05/22 11:35:14.923, 13415 MiB, 2529 MiB, 52 %
2026/05/22 11:35:15.923, 13415 MiB, 2529 MiB, 0 %
2026/05/22 11:35:16.924, 13415 MiB, 2529 MiB, 0 %
2026/05/22 11:35:17.924, 12743 MiB, 3201 MiB, 13 %
2026/05/22 11:35:18.924, 12967 MiB, 2977 MiB, 8 %
2026/05/22 11:35:19.924, 13127 MiB, 2817 MiB, 100 %
2026/05/22 11:35:20.924, 13255 MiB, 2689 MiB, 0 %
2026/05/22 11:35:21.925, 13255 MiB, 2689 MiB, 0 %
2026/05/22 11:35:22.925, 12807 MiB, 3137 MiB, 11 %
2026/05/22 11:35:23.925, 13031 MiB, 2913 MiB, 9 %
2026/05/22 11:35:24.925, 13223 MiB, 2721 MiB, 100 %
2026/05/22 11:35:25.925, 13415 MiB, 2529 MiB, 0 %
2026/05/22 11:35:26.926, 13415 MiB, 2529 MiB, 0 %
2026/05/22 11:35:27.926, 12679 MiB, 3265 MiB, 1 %
2026/05/22 11:35:28.926, 12839 MiB, 3105 MiB, 17 %
2026/05/22 11:35:29.926, 13063 MiB, 2881 MiB, 22 %
2026/05/22 11:35:30.926, 13191 MiB, 2753 MiB, 100 %
2026/05/22 11:35:31.927, 13319 MiB, 2625 MiB, 1 %
2026/05/22 11:35:32.927, 13319 MiB, 2625 MiB, 0 %
2026/05/22 11:35:33.927, 12743 MiB, 3201 MiB, 7 %
2026/05/22 11:35:34.927, 12967 MiB, 2977 MiB, 8 %
2026/05/22 11:35:35.927, 13255 MiB, 2689 MiB, 7 %
2026/05/22 11:35:36.928, 13447 MiB, 2497 MiB, 2 %
2026/05/22 11:35:37.928, 13447 MiB, 2497 MiB, 0 %
2026/05/22 11:35:38.928, 13447 MiB, 2497 MiB, 0 %
2026/05/22 11:35:39.928, 12711 MiB, 3233 MiB, 17 %
2026/05/22 11:35:40.928, 12903 MiB, 3041 MiB, 31 %
2026/05/22 11:35:41.929, 13127 MiB, 2817 MiB, 23 %
2026/05/22 11:35:42.929, 13255 MiB, 2689 MiB, 0 %
2026/05/22 11:35:43.929, 13255 MiB, 2689 MiB, 0 %
2026/05/22 11:35:44.929, 12711 MiB, 3233 MiB, 1 %
2026/05/22 11:35:45.929, 12903 MiB, 3041 MiB, 11 %
2026/05/22 11:35:46.929, 13191 MiB, 2753 MiB, 7 %
2026/05/22 11:35:47.930, 13383 MiB, 2561 MiB, 2 %
2026/05/22 11:35:48.930, 13383 MiB, 2561 MiB, 1 %
2026/05/22 11:35:49.930, 13383 MiB, 2561 MiB, 0 %
2026/05/22 11:35:50.930, 12807 MiB, 3137 MiB, 30 %
2026/05/22 11:35:51.930, 13031 MiB, 2913 MiB, 49 %
2026/05/22 11:35:52.932, 13255 MiB, 2689 MiB, 21 %
2026/05/22 11:35:53.932, 13415 MiB, 2529 MiB, 2 %
2026/05/22 11:35:54.932, 13415 MiB, 2529 MiB, 0 %
2026/05/22 11:35:55.932, 13415 MiB, 2529 MiB, 0 %
2026/05/22 11:35:56.932, 12775 MiB, 3169 MiB, 8 %
2026/05/22 11:35:57.933, 13031 MiB, 2913 MiB, 20 %
2026/05/22 11:35:58.933, 13255 MiB, 2689 MiB, 23 %
2026/05/22 11:35:59.933, 13415 MiB, 2529 MiB, 8 %
2026/05/22 11:36:00.933, 13415 MiB, 2529 MiB, 1 %
2026/05/22 11:36:01.934, 12775 MiB, 3169 MiB, 0 %
2026/05/22 11:36:02.934, 12775 MiB, 3169 MiB, 16 %
2026/05/22 11:36:03.934, 12967 MiB, 2977 MiB, 50 %
2026/05/22 11:36:04.934, 13191 MiB, 2753 MiB, 28 %
2026/05/22 11:36:05.934, 13351 MiB, 2593 MiB, 2 %
2026/05/22 11:36:06.934, 13351 MiB, 2593 MiB, 0 %
2026/05/22 11:36:07.935, 13351 MiB, 2593 MiB, 1 %
2026/05/22 11:36:08.935, 12839 MiB, 3105 MiB, 8 %
2026/05/22 11:36:09.935, 13063 MiB, 2881 MiB, 9 %
2026/05/22 11:36:10.935, 13319 MiB, 2625 MiB, 90 %
2026/05/22 11:36:11.936, 13319 MiB, 2625 MiB, 0 %
2026/05/22 11:36:12.936, 13319 MiB, 2625 MiB, 0 %
2026/05/22 11:36:13.936, 12775 MiB, 3169 MiB, 20 %
2026/05/22 11:36:14.936, 12999 MiB, 2945 MiB, 19 %
2026/05/22 11:36:15.936, 13159 MiB, 2785 MiB, 20 %
2026/05/22 11:36:16.937, 13159 MiB, 2785 MiB, 0 %
2026/05/22 11:36:17.937, 12647 MiB, 3297 MiB, 12 %
2026/05/22 11:36:18.937, 12871 MiB, 3073 MiB, 15 %
2026/05/22 11:36:19.937, 13127 MiB, 2817 MiB, 15 %
2026/05/22 11:36:20.937, 13255 MiB, 2689 MiB, 100 %
2026/05/22 11:36:21.938, 13415 MiB, 2529 MiB, 0 %
2026/05/22 11:36:22.938, 13415 MiB, 2529 MiB, 0 %
2026/05/22 11:36:23.938, 12647 MiB, 3297 MiB, 2 %
2026/05/22 11:36:24.938, 12839 MiB, 3105 MiB, 22 %
2026/05/22 11:36:25.938, 13031 MiB, 2913 MiB, 45 %
2026/05/22 11:36:26.940, 13191 MiB, 2753 MiB, 100 %
2026/05/22 11:36:27.940, 13351 MiB, 2593 MiB, 0 %
2026/05/22 11:36:28.940, 13351 MiB, 2593 MiB, 0 %
2026/05/22 11:36:29.940, 12679 MiB, 3265 MiB, 0 %
2026/05/22 11:36:30.940, 12935 MiB, 3009 MiB, 8 %
2026/05/22 11:36:31.941, 13191 MiB, 2753 MiB, 21 %
2026/05/22 11:36:32.941, 13319 MiB, 2625 MiB, 3 %
2026/05/22 11:36:33.941, 13319 MiB, 2625 MiB, 1 %
2026/05/22 11:36:34.941, 12679 MiB, 3265 MiB, 1 %
2026/05/22 11:36:35.941, 12871 MiB, 3073 MiB, 13 %
2026/05/22 11:36:36.942, 13095 MiB, 2849 MiB, 17 %
2026/05/22 11:36:37.942, 13223 MiB, 2721 MiB, 3 %
2026/05/22 11:36:38.942, 13223 MiB, 2721 MiB, 0 %
2026/05/22 11:36:39.942, 12647 MiB, 3297 MiB, 0 %
2026/05/22 11:36:40.942, 12903 MiB, 3041 MiB, 7 %
2026/05/22 11:36:41.943, 13223 MiB, 2721 MiB, 6 %
2026/05/22 11:36:42.943, 13415 MiB, 2529 MiB, 3 %
2026/05/22 11:36:43.943, 13415 MiB, 2529 MiB, 0 %
2026/05/22 11:36:44.943, 13415 MiB, 2529 MiB, 0 %
2026/05/22 11:36:45.944, 12711 MiB, 3233 MiB, 34 %
2026/05/22 11:36:46.944, 12935 MiB, 3009 MiB, 20 %
2026/05/22 11:36:47.944, 13127 MiB, 2817 MiB, 28 %
2026/05/22 11:36:48.944, 13255 MiB, 2689 MiB, 0 %
2026/05/22 11:36:49.944, 13255 MiB, 2689 MiB, 0 %
2026/05/22 11:36:50.945, 12711 MiB, 3233 MiB, 1 %
2026/05/22 11:36:51.945, 12967 MiB, 2977 MiB, 8 %
2026/05/22 11:36:52.945, 13255 MiB, 2689 MiB, 8 %
2026/05/22 11:36:53.945, 13415 MiB, 2529 MiB, 2 %
2026/05/22 11:36:54.945, 13415 MiB, 2529 MiB, 0 %
2026/05/22 11:36:55.945, 13415 MiB, 2529 MiB, 0 %
2026/05/22 11:36:56.946, 12711 MiB, 3233 MiB, 13 %
2026/05/22 11:36:57.946, 12967 MiB, 2977 MiB, 14 %
2026/05/22 11:36:58.946, 13159 MiB, 2785 MiB, 92 %
2026/05/22 11:36:59.946, 13319 MiB, 2625 MiB, 0 %
2026/05/22 11:37:00.946, 13319 MiB, 2625 MiB, 1 %
2026/05/22 11:37:01.947, 12743 MiB, 3201 MiB, 22 %
2026/05/22 11:37:02.947, 12967 MiB, 2977 MiB, 7 %
2026/05/22 11:37:03.947, 13191 MiB, 2753 MiB, 9 %
2026/05/22 11:37:04.947, 13447 MiB, 2497 MiB, 49 %
2026/05/22 11:37:05.947, 13447 MiB, 2497 MiB, 0 %
2026/05/22 11:37:06.948, 13447 MiB, 2497 MiB, 0 %
2026/05/22 11:37:07.948, 12679 MiB, 3265 MiB, 24 %
2026/05/22 11:37:08.948, 12871 MiB, 3073 MiB, 25 %
2026/05/22 11:37:09.948, 13031 MiB, 2913 MiB, 22 %
2026/05/22 11:37:10.948, 13287 MiB, 2657 MiB, 2 %
2026/05/22 11:37:11.949, 13287 MiB, 2657 MiB, 0 %
2026/05/22 11:37:12.949, 13287 MiB, 2657 MiB, 1 %
2026/05/22 11:37:13.949, 12871 MiB, 3073 MiB, 15 %
2026/05/22 11:37:14.949, 13031 MiB, 2913 MiB, 16 %
2026/05/22 11:37:15.949, 13223 MiB, 2721 MiB, 50 %
2026/05/22 11:37:16.950, 13383 MiB, 2561 MiB, 0 %
2026/05/22 11:37:17.950, 13383 MiB, 2561 MiB, 0 %
2026/05/22 11:37:18.950, 12647 MiB, 3297 MiB, 0 %
2026/05/22 11:37:19.950, 12871 MiB, 3073 MiB, 10 %
2026/05/22 11:37:20.950, 13095 MiB, 2849 MiB, 18 %
2026/05/22 11:37:21.951, 13255 MiB, 2689 MiB, 100 %
2026/05/22 11:37:22.951, 13415 MiB, 2529 MiB, 0 %
2026/05/22 11:37:23.951, 13415 MiB, 2529 MiB, 0 %
2026/05/22 11:37:24.951, 12615 MiB, 3329 MiB, 1 %
2026/05/22 11:37:25.951, 12775 MiB, 3169 MiB, 17 %
2026/05/22 11:37:26.952, 12999 MiB, 2945 MiB, 44 %
2026/05/22 11:37:27.952, 13223 MiB, 2721 MiB, 20 %
2026/05/22 11:37:28.952, 13415 MiB, 2529 MiB, 2 %
2026/05/22 11:37:29.952, 13415 MiB, 2529 MiB, 0 %
2026/05/22 11:37:30.952, 13415 MiB, 2529 MiB, 0 %
2026/05/22 11:37:31.953, 12775 MiB, 3169 MiB, 9 %
2026/05/22 11:37:32.953, 12999 MiB, 2945 MiB, 9 %
2026/05/22 11:37:33.953, 13191 MiB, 2753 MiB, 100 %
2026/05/22 11:37:34.953, 13351 MiB, 2593 MiB, 0 %
2026/05/22 11:37:35.954, 13351 MiB, 2593 MiB, 1 %
2026/05/22 11:37:36.954, 12743 MiB, 3201 MiB, 24 %
2026/05/22 11:37:37.954, 12903 MiB, 3041 MiB, 28 %
2026/05/22 11:37:38.954, 13063 MiB, 2881 MiB, 24 %
2026/05/22 11:37:39.954, 13191 MiB, 2753 MiB, 100 %
2026/05/22 11:37:40.955, 13319 MiB, 2625 MiB, 0 %
2026/05/22 11:37:41.955, 13319 MiB, 2625 MiB, 0 %
2026/05/22 11:37:42.955, 12775 MiB, 3169 MiB, 13 %
2026/05/22 11:37:43.955, 12999 MiB, 2945 MiB, 12 %
2026/05/22 11:37:44.955, 13127 MiB, 2817 MiB, 0 %
2026/05/22 11:37:45.956, 13127 MiB, 2817 MiB, 0 %
2026/05/22 11:37:46.956, 12679 MiB, 3265 MiB, 28 %
2026/05/22 11:37:47.956, 12679 MiB, 3265 MiB, 97 %
2026/05/22 11:37:48.956, 12711 MiB, 3233 MiB, 67 %
2026/05/22 11:37:49.956, 12711 MiB, 3233 MiB, 6 %
2026/05/22 11:37:50.956, 12679 MiB, 3265 MiB, 13 %
2026/05/22 11:37:51.957, 12711 MiB, 3233 MiB, 100 %
2026/05/22 11:37:52.957, 12711 MiB, 3233 MiB, 3 %
2026/05/22 11:37:53.957, 12679 MiB, 3265 MiB, 100 %
2026/05/22 11:37:54.957, 12839 MiB, 3105 MiB, 3 %
2026/05/22 11:37:55.957, 13095 MiB, 2849 MiB, 5 %
2026/05/22 11:37:56.958, 13255 MiB, 2689 MiB, 100 %
2026/05/22 11:37:57.958, 13415 MiB, 2529 MiB, 0 %
2026/05/22 11:37:58.958, 13415 MiB, 2529 MiB, 0 %
2026/05/22 11:37:59.958, 12679 MiB, 3265 MiB, 30 %
2026/05/22 11:38:00.959, 12839 MiB, 3105 MiB, 28 %
2026/05/22 11:38:01.959, 13063 MiB, 2881 MiB, 22 %
2026/05/22 11:38:02.959, 13191 MiB, 2753 MiB, 100 %
2026/05/22 11:38:03.959, 13351 MiB, 2593 MiB, 0 %
2026/05/22 11:38:04.959, 13351 MiB, 2593 MiB, 0 %
2026/05/22 11:38:05.960, 12711 MiB, 3233 MiB, 1 %
2026/05/22 11:38:06.960, 12935 MiB, 3009 MiB, 12 %
2026/05/22 11:38:07.960, 13159 MiB, 2785 MiB, 12 %
2026/05/22 11:38:08.960, 13319 MiB, 2625 MiB, 7 %
2026/05/22 11:38:09.960, 13319 MiB, 2625 MiB, 0 %
2026/05/22 11:38:10.961, 12647 MiB, 3297 MiB, 0 %
2026/05/22 11:38:11.961, 12839 MiB, 3105 MiB, 12 %
2026/05/22 11:38:12.961, 13095 MiB, 2849 MiB, 16 %
2026/05/22 11:38:13.961, 13223 MiB, 2721 MiB, 0 %
2026/05/22 11:38:14.961, 13223 MiB, 2721 MiB, 1 %
2026/05/22 11:38:15.962, 12743 MiB, 3201 MiB, 10 %
2026/05/22 11:38:16.962, 12967 MiB, 2977 MiB, 8 %
2026/05/22 11:38:17.962, 13255 MiB, 2689 MiB, 14 %
2026/05/22 11:38:18.962, 13415 MiB, 2529 MiB, 2 %
2026/05/22 11:38:19.962, 13415 MiB, 2529 MiB, 0 %
2026/05/22 11:38:20.963, 13415 MiB, 2529 MiB, 0 %
2026/05/22 11:38:21.963, 12775 MiB, 3169 MiB, 29 %
2026/05/22 11:38:22.963, 12967 MiB, 2977 MiB, 17 %
2026/05/22 11:38:23.963, 13127 MiB, 2817 MiB, 63 %
2026/05/22 11:38:24.963, 13255 MiB, 2689 MiB, 0 %
2026/05/22 11:38:25.963, 13255 MiB, 2689 MiB, 0 %
2026/05/22 11:38:26.964, 12679 MiB, 3265 MiB, 17 %
2026/05/22 11:38:27.964, 12935 MiB, 3009 MiB, 10 %
2026/05/22 11:38:28.964, 13223 MiB, 2721 MiB, 17 %
2026/05/22 11:38:29.964, 13415 MiB, 2529 MiB, 2 %
2026/05/22 11:38:30.964, 13415 MiB, 2529 MiB, 0 %
2026/05/22 11:38:31.966, 13415 MiB, 2529 MiB, 0 %
2026/05/22 11:38:32.966, 12775 MiB, 3169 MiB, 9 %
2026/05/22 11:38:33.966, 12967 MiB, 2977 MiB, 9 %
2026/05/22 11:38:34.966, 13159 MiB, 2785 MiB, 100 %
2026/05/22 11:38:35.966, 13319 MiB, 2625 MiB, 1 %
2026/05/22 11:38:36.967, 13319 MiB, 2625 MiB, 0 %
2026/05/22 11:38:37.967, 12775 MiB, 3169 MiB, 6 %
2026/05/22 11:38:38.967, 12967 MiB, 2977 MiB, 12 %
2026/05/22 11:38:39.967, 13255 MiB, 2689 MiB, 17 %
2026/05/22 11:38:40.967, 13447 MiB, 2497 MiB, 2 %
2026/05/22 11:38:41.968, 13447 MiB, 2497 MiB, 0 %
2026/05/22 11:38:42.968, 13447 MiB, 2497 MiB, 0 %
2026/05/22 11:38:43.968, 12711 MiB, 3233 MiB, 31 %
2026/05/22 11:38:44.968, 12903 MiB, 3041 MiB, 28 %
2026/05/22 11:38:45.968, 13127 MiB, 2817 MiB, 32 %
2026/05/22 11:38:46.969, 13287 MiB, 2657 MiB, 2 %
2026/05/22 11:38:47.969, 13287 MiB, 2657 MiB, 0 %
2026/05/22 11:38:48.969, 12711 MiB, 3233 MiB, 1 %
2026/05/22 11:38:49.969, 12839 MiB, 3105 MiB, 15 %
2026/05/22 11:38:50.969, 13063 MiB, 2881 MiB, 18 %
2026/05/22 11:38:51.970, 13223 MiB, 2721 MiB, 50 %
2026/05/22 11:38:52.970, 13383 MiB, 2561 MiB, 0 %
2026/05/22 11:38:53.970, 13383 MiB, 2561 MiB, 0 %
2026/05/22 11:38:54.970, 12647 MiB, 3297 MiB, 0 %
2026/05/22 11:38:55.970, 12871 MiB, 3073 MiB, 11 %
2026/05/22 11:38:56.971, 13127 MiB, 2817 MiB, 9 %
2026/05/22 11:38:57.971, 13255 MiB, 2689 MiB, 100 %
2026/05/22 11:38:58.971, 13415 MiB, 2529 MiB, 1 %
2026/05/22 11:38:59.971, 13415 MiB, 2529 MiB, 1 %
2026/05/22 11:39:00.971, 12647 MiB, 3297 MiB, 24 %
2026/05/22 11:39:01.972, 12935 MiB, 3009 MiB, 11 %
2026/05/22 11:39:02.972, 13223 MiB, 2721 MiB, 17 %
2026/05/22 11:39:03.972, 13415 MiB, 2529 MiB, 2 %
2026/05/22 11:39:04.972, 13415 MiB, 2529 MiB, 0 %
2026/05/22 11:39:05.973, 13415 MiB, 2529 MiB, 0 %
2026/05/22 11:39:06.973, 12743 MiB, 3201 MiB, 15 %
2026/05/22 11:39:07.973, 12935 MiB, 3009 MiB, 16 %
2026/05/22 11:39:08.973, 13191 MiB, 2753 MiB, 20 %
2026/05/22 11:39:09.973, 13351 MiB, 2593 MiB, 2 %
2026/05/22 11:39:10.974, 13351 MiB, 2593 MiB, 1 %
2026/05/22 11:39:11.974, 13351 MiB, 2593 MiB, 1 %
2026/05/22 11:39:12.974, 12807 MiB, 3137 MiB, 16 %
2026/05/22 11:39:13.974, 12999 MiB, 2945 MiB, 17 %
2026/05/22 11:39:14.974, 13159 MiB, 2785 MiB, 77 %
2026/05/22 11:39:15.975, 13319 MiB, 2625 MiB, 0 %
2026/05/22 11:39:16.975, 13319 MiB, 2625 MiB, 0 %
2026/05/22 11:39:17.975, 12711 MiB, 3233 MiB, 0 %
2026/05/22 11:39:18.975, 12903 MiB, 3041 MiB, 12 %
2026/05/22 11:39:19.975, 13159 MiB, 2785 MiB, 63 %
2026/05/22 11:39:20.976, 13159 MiB, 2785 MiB, 1 %
2026/05/22 11:39:21.976, 12647 MiB, 3297 MiB, 0 %
2026/05/22 11:39:22.976, 12935 MiB, 3009 MiB, 7 %
2026/05/22 11:39:23.976, 13159 MiB, 2785 MiB, 8 %
2026/05/22 11:39:24.977, 13415 MiB, 2529 MiB, 2 %
2026/05/22 11:39:25.977, 13415 MiB, 2529 MiB, 0 %
2026/05/22 11:39:26.977, 13415 MiB, 2529 MiB, 1 %
2026/05/22 11:39:27.977, 12743 MiB, 3201 MiB, 11 %
2026/05/22 11:39:28.977, 12999 MiB, 2945 MiB, 11 %
2026/05/22 11:39:29.978, 13191 MiB, 2753 MiB, 86 %
2026/05/22 11:39:30.978, 13351 MiB, 2593 MiB, 0 %
2026/05/22 11:39:31.978, 13351 MiB, 2593 MiB, 0 %
2026/05/22 11:39:32.978, 12743 MiB, 3201 MiB, 0 %
2026/05/22 11:39:33.978, 12935 MiB, 3009 MiB, 11 %
2026/05/22 11:39:34.979, 13191 MiB, 2753 MiB, 9 %
2026/05/22 11:39:35.979, 13319 MiB, 2625 MiB, 6 %
2026/05/22 11:39:36.979, 13319 MiB, 2625 MiB, 0 %
2026/05/22 11:39:37.979, 12679 MiB, 3265 MiB, 0 %
2026/05/22 11:39:38.980, 12903 MiB, 3041 MiB, 12 %
2026/05/22 11:39:39.980, 13095 MiB, 2849 MiB, 42 %
2026/05/22 11:39:40.980, 13223 MiB, 2721 MiB, 0 %
2026/05/22 11:39:41.980, 13223 MiB, 2721 MiB, 0 %
2026/05/22 11:39:42.980, 12775 MiB, 3169 MiB, 11 %
2026/05/22 11:39:43.981, 12999 MiB, 2945 MiB, 14 %
2026/05/22 11:39:44.981, 13223 MiB, 2721 MiB, 10 %
2026/05/22 11:39:45.981, 13415 MiB, 2529 MiB, 0 %
2026/05/22 11:39:46.981, 13415 MiB, 2529 MiB, 0 %
2026/05/22 11:39:47.981, 12647 MiB, 3297 MiB, 0 %
2026/05/22 11:39:48.982, 12839 MiB, 3105 MiB, 9 %
2026/05/22 11:39:49.982, 13127 MiB, 2817 MiB, 8 %
2026/05/22 11:39:50.982, 13255 MiB, 2689 MiB, 2 %
2026/05/22 11:39:51.982, 13255 MiB, 2689 MiB, 0 %
2026/05/22 11:39:52.983, 12679 MiB, 3265 MiB, 0 %
2026/05/22 11:39:53.983, 12871 MiB, 3073 MiB, 20 %
2026/05/22 11:39:54.983, 13063 MiB, 2881 MiB, 46 %
2026/05/22 11:39:55.983, 13223 MiB, 2721 MiB, 99 %
2026/05/22 11:39:56.983, 13415 MiB, 2529 MiB, 0 %
2026/05/22 11:39:57.984, 13415 MiB, 2529 MiB, 0 %
2026/05/22 11:39:58.984, 12679 MiB, 3265 MiB, 0 %
2026/05/22 11:39:59.984, 12903 MiB, 3041 MiB, 9 %
2026/05/22 11:40:00.984, 13191 MiB, 2753 MiB, 19 %
2026/05/22 11:40:01.984, 13319 MiB, 2625 MiB, 2 %
2026/05/22 11:40:02.985, 13319 MiB, 2625 MiB, 1 %
2026/05/22 11:40:03.985, 12711 MiB, 3233 MiB, 0 %
2026/05/22 11:40:04.985, 12871 MiB, 3073 MiB, 8 %
2026/05/22 11:40:05.985, 13095 MiB, 2849 MiB, 8 %
2026/05/22 11:40:06.986, 13255 MiB, 2689 MiB, 100 %
2026/05/22 11:40:07.986, 13447 MiB, 2497 MiB, 0 %
2026/05/22 11:40:08.986, 13447 MiB, 2497 MiB, 0 %
2026/05/22 11:40:09.986, 12679 MiB, 3265 MiB, 1 %
2026/05/22 11:40:10.986, 12839 MiB, 3105 MiB, 18 %
2026/05/22 11:40:11.986, 12999 MiB, 2945 MiB, 22 %
2026/05/22 11:40:12.987, 13223 MiB, 2721 MiB, 98 %
2026/05/22 11:40:13.987, 13287 MiB, 2657 MiB, 0 %
2026/05/22 11:40:14.988, 13287 MiB, 2657 MiB, 1 %
2026/05/22 11:40:15.988, 12807 MiB, 3137 MiB, 8 %
2026/05/22 11:40:16.989, 13063 MiB, 2881 MiB, 17 %
2026/05/22 11:40:17.989, 13191 MiB, 2753 MiB, 100 %
2026/05/22 11:40:18.989, 13383 MiB, 2561 MiB, 0 %
2026/05/22 11:40:19.989, 13383 MiB, 2561 MiB, 0 %
2026/05/22 11:40:20.989, 12711 MiB, 3233 MiB, 15 %
2026/05/22 11:40:21.990, 12903 MiB, 3041 MiB, 33 %
2026/05/22 11:40:22.990, 13095 MiB, 2849 MiB, 26 %
2026/05/22 11:40:23.990, 13223 MiB, 2721 MiB, 100 %
2026/05/22 11:40:24.990, 13415 MiB, 2529 MiB, 0 %
2026/05/22 11:40:25.990, 13415 MiB, 2529 MiB, 0 %
2026/05/22 11:40:26.991, 12615 MiB, 3329 MiB, 0 %
2026/05/22 11:40:27.991, 12871 MiB, 3073 MiB, 8 %
2026/05/22 11:40:28.991, 13095 MiB, 2849 MiB, 15 %
2026/05/22 11:40:29.991, 13223 MiB, 2721 MiB, 100 %
2026/05/22 11:40:30.991, 13415 MiB, 2529 MiB, 0 %
2026/05/22 11:40:31.992, 13415 MiB, 2529 MiB, 0 %
2026/05/22 11:40:32.992, 12647 MiB, 3297 MiB, 1 %
2026/05/22 11:40:33.992, 12871 MiB, 3073 MiB, 9 %
2026/05/22 11:40:34.992, 13095 MiB, 2849 MiB, 24 %
2026/05/22 11:40:35.992, 13223 MiB, 2721 MiB, 92 %
2026/05/22 11:40:36.993, 13351 MiB, 2593 MiB, 0 %
2026/05/22 11:40:37.993, 13351 MiB, 2593 MiB, 0 %
2026/05/22 11:40:38.993, 12775 MiB, 3169 MiB, 33 %
2026/05/22 11:40:39.993, 12935 MiB, 3009 MiB, 30 %
2026/05/22 11:40:40.993, 13063 MiB, 2881 MiB, 56 %
2026/05/22 11:40:41.994, 13191 MiB, 2753 MiB, 100 %
2026/05/22 11:40:42.994, 13319 MiB, 2625 MiB, 0 %
2026/05/22 11:40:43.994, 13319 MiB, 2625 MiB, 0 %
2026/05/22 11:40:44.994, 12743 MiB, 3201 MiB, 35 %
2026/05/22 11:40:45.994, 12903 MiB, 3041 MiB, 19 %
2026/05/22 11:40:46.995, 13127 MiB, 2817 MiB, 50 %
2026/05/22 11:40:47.995, 13127 MiB, 2817 MiB, 1 %
2026/05/22 11:40:48.995, 12647 MiB, 3297 MiB, 0 %
2026/05/22 11:40:49.995, 12871 MiB, 3073 MiB, 15 %
2026/05/22 11:40:50.995, 13095 MiB, 2849 MiB, 15 %
2026/05/22 11:40:51.996, 13255 MiB, 2689 MiB, 100 %
2026/05/22 11:40:52.996, 13415 MiB, 2529 MiB, 0 %
2026/05/22 11:40:53.996, 13415 MiB, 2529 MiB, 0 %
2026/05/22 11:40:54.996, 12647 MiB, 3297 MiB, 2 %
2026/05/22 11:40:55.997, 12839 MiB, 3105 MiB, 17 %
2026/05/22 11:40:56.997, 13063 MiB, 2881 MiB, 27 %
2026/05/22 11:40:57.997, 13191 MiB, 2753 MiB, 100 %
2026/05/22 11:40:58.997, 13351 MiB, 2593 MiB, 0 %
2026/05/22 11:40:59.997, 13351 MiB, 2593 MiB, 1 %
2026/05/22 11:41:00.998, 12711 MiB, 3233 MiB, 31 %
2026/05/22 11:41:01.998, 12935 MiB, 3009 MiB, 34 %
2026/05/22 11:41:02.998, 13063 MiB, 2881 MiB, 28 %
2026/05/22 11:41:03.998, 13191 MiB, 2753 MiB, 100 %
2026/05/22 11:41:04.998, 13319 MiB, 2625 MiB, 0 %
2026/05/22 11:41:05.999, 13319 MiB, 2625 MiB, 0 %
2026/05/22 11:41:06.999, 12775 MiB, 3169 MiB, 12 %
2026/05/22 11:41:07.999, 12999 MiB, 2945 MiB, 9 %
2026/05/22 11:41:08.999, 13223 MiB, 2721 MiB, 3 %
2026/05/22 11:41:09.999, 13223 MiB, 2721 MiB, 1 %
2026/05/22 11:41:11.000, 12647 MiB, 3297 MiB, 0 %
2026/05/22 11:41:12.000, 12839 MiB, 3105 MiB, 11 %
2026/05/22 11:41:13.000, 13095 MiB, 2849 MiB, 7 %
2026/05/22 11:41:14.000, 13223 MiB, 2721 MiB, 100 %
2026/05/22 11:41:15.001, 13415 MiB, 2529 MiB, 1 %
2026/05/22 11:41:16.001, 13415 MiB, 2529 MiB, 1 %
2026/05/22 11:41:17.001, 12679 MiB, 3265 MiB, 27 %
2026/05/22 11:41:18.001, 12903 MiB, 3041 MiB, 9 %
2026/05/22 11:41:19.001, 13127 MiB, 2817 MiB, 63 %
2026/05/22 11:41:20.002, 13255 MiB, 2689 MiB, 0 %
2026/05/22 11:41:21.002, 13255 MiB, 2689 MiB, 1 %
2026/05/22 11:41:22.002, 12775 MiB, 3169 MiB, 8 %
2026/05/22 11:41:23.002, 12935 MiB, 3009 MiB, 8 %
2026/05/22 11:41:24.002, 13223 MiB, 2721 MiB, 10 %
2026/05/22 11:41:25.002, 13415 MiB, 2529 MiB, 2 %
2026/05/22 11:41:26.003, 13415 MiB, 2529 MiB, 0 %
2026/05/22 11:41:27.003, 13415 MiB, 2529 MiB, 1 %
2026/05/22 11:41:28.003, 12775 MiB, 3169 MiB, 33 %
2026/05/22 11:41:29.003, 12967 MiB, 2977 MiB, 30 %
2026/05/22 11:41:30.004, 13191 MiB, 2753 MiB, 29 %
2026/05/22 11:41:31.004, 13319 MiB, 2625 MiB, 7 %
2026/05/22 11:41:32.004, 13319 MiB, 2625 MiB, 0 %
2026/05/22 11:41:33.004, 12647 MiB, 3297 MiB, 0 %
2026/05/22 11:41:34.004, 12839 MiB, 3105 MiB, 15 %
2026/05/22 11:41:35.005, 13063 MiB, 2881 MiB, 23 %
2026/05/22 11:41:36.005, 13255 MiB, 2689 MiB, 25 %
2026/05/22 11:41:37.005, 13447 MiB, 2497 MiB, 2 %
2026/05/22 11:41:38.005, 13447 MiB, 2497 MiB, 0 %
2026/05/22 11:41:39.005, 13447 MiB, 2497 MiB, 0 %
2026/05/22 11:41:40.006, 12711 MiB, 3233 MiB, 18 %
2026/05/22 11:41:41.006, 12903 MiB, 3041 MiB, 54 %
2026/05/22 11:41:42.006, 13127 MiB, 2817 MiB, 28 %
2026/05/22 11:41:43.006, 13255 MiB, 2689 MiB, 0 %
2026/05/22 11:41:44.006, 13255 MiB, 2689 MiB, 0 %
2026/05/22 11:41:45.007, 12679 MiB, 3265 MiB, 1 %
2026/05/22 11:41:46.007, 12871 MiB, 3073 MiB, 14 %
2026/05/22 11:41:47.007, 13063 MiB, 2881 MiB, 21 %
2026/05/22 11:41:48.007, 13191 MiB, 2753 MiB, 100 %
2026/05/22 11:41:49.007, 13383 MiB, 2561 MiB, 1 %
2026/05/22 11:41:50.008, 13383 MiB, 2561 MiB, 0 %
2026/05/22 11:41:51.008, 12743 MiB, 3201 MiB, 7 %
2026/05/22 11:41:52.008, 12967 MiB, 2977 MiB, 6 %
2026/05/22 11:41:53.008, 13255 MiB, 2689 MiB, 13 %
2026/05/22 11:41:54.008, 13415 MiB, 2529 MiB, 2 %
2026/05/22 11:41:55.009, 13415 MiB, 2529 MiB, 0 %
2026/05/22 11:41:56.009, 13415 MiB, 2529 MiB, 0 %
2026/05/22 11:41:57.009, 12743 MiB, 3201 MiB, 10 %
2026/05/22 11:41:58.009, 12999 MiB, 2945 MiB, 19 %
2026/05/22 11:41:59.009, 13255 MiB, 2689 MiB, 34 %
2026/05/22 11:42:00.010, 13415 MiB, 2529 MiB, 0 %
2026/05/22 11:42:01.010, 13415 MiB, 2529 MiB, 0 %
2026/05/22 11:42:02.010, 12647 MiB, 3297 MiB, 1 %
2026/05/22 11:42:03.010, 12807 MiB, 3137 MiB, 18 %
2026/05/22 11:42:04.010, 12967 MiB, 2977 MiB, 29 %
2026/05/22 11:42:05.011, 13191 MiB, 2753 MiB, 21 %
2026/05/22 11:42:06.011, 13351 MiB, 2593 MiB, 7 %
2026/05/22 11:42:07.011, 13351 MiB, 2593 MiB, 0 %
2026/05/22 11:42:08.011, 12679 MiB, 3265 MiB, 0 %
2026/05/22 11:42:09.011, 12871 MiB, 3073 MiB, 13 %
2026/05/22 11:42:10.012, 13095 MiB, 2849 MiB, 11 %
2026/05/22 11:42:11.012, 13319 MiB, 2625 MiB, 79 %
2026/05/22 11:42:12.012, 13319 MiB, 2625 MiB, 0 %
2026/05/22 11:42:13.012, 13319 MiB, 2625 MiB, 0 %
2026/05/22 11:42:14.012, 12807 MiB, 3137 MiB, 13 %
2026/05/22 11:42:15.013, 13031 MiB, 2913 MiB, 9 %
2026/05/22 11:42:16.013, 13159 MiB, 2785 MiB, 0 %
2026/05/22 11:42:17.013, 13159 MiB, 2785 MiB, 0 %
2026/05/22 11:42:18.013, 12775 MiB, 3169 MiB, 6 %
2026/05/22 11:42:19.013, 13031 MiB, 2913 MiB, 9 %
2026/05/22 11:42:20.014, 13255 MiB, 2689 MiB, 100 %
2026/05/22 11:42:21.014, 13415 MiB, 2529 MiB, 0 %
2026/05/22 11:42:22.014, 13415 MiB, 2529 MiB, 0 %
2026/05/22 11:42:23.014, 12647 MiB, 3297 MiB, 1 %
2026/05/22 11:42:24.014, 12839 MiB, 3105 MiB, 28 %
2026/05/22 11:42:25.015, 12999 MiB, 2945 MiB, 26 %
2026/05/22 11:42:26.015, 13191 MiB, 2753 MiB, 87 %
2026/05/22 11:42:27.015, 13351 MiB, 2593 MiB, 0 %
2026/05/22 11:42:28.015, 13351 MiB, 2593 MiB, 0 %
2026/05/22 11:42:29.015, 12679 MiB, 3265 MiB, 0 %
2026/05/22 11:42:30.016, 12871 MiB, 3073 MiB, 17 %
2026/05/22 11:42:31.016, 13063 MiB, 2881 MiB, 29 %
2026/05/22 11:42:32.016, 13191 MiB, 2753 MiB, 100 %
2026/05/22 11:42:33.016, 13319 MiB, 2625 MiB, 1 %
2026/05/22 11:42:34.016, 13319 MiB, 2625 MiB, 0 %
2026/05/22 11:42:35.017, 12743 MiB, 3201 MiB, 10 %
2026/05/22 11:42:36.017, 12967 MiB, 2977 MiB, 13 %
2026/05/22 11:42:37.017, 13223 MiB, 2721 MiB, 3 %
2026/05/22 11:42:38.017, 13223 MiB, 2721 MiB, 1 %
2026/05/22 11:42:39.017, 12647 MiB, 3297 MiB, 0 %
2026/05/22 11:42:40.017, 12839 MiB, 3105 MiB, 9 %
2026/05/22 11:42:41.018, 13095 MiB, 2849 MiB, 9 %
2026/05/22 11:42:42.018, 13255 MiB, 2689 MiB, 100 %
2026/05/22 11:42:43.018, 13415 MiB, 2529 MiB, 1 %
2026/05/22 11:42:44.018, 13415 MiB, 2529 MiB, 0 %
2026/05/22 11:42:45.018, 12679 MiB, 3265 MiB, 22 %
2026/05/22 11:42:46.019, 12871 MiB, 3073 MiB, 52 %
2026/05/22 11:42:47.019, 13031 MiB, 2913 MiB, 29 %
2026/05/22 11:42:48.019, 13255 MiB, 2689 MiB, 98 %
2026/05/22 11:42:49.019, 13255 MiB, 2689 MiB, 0 %
2026/05/22 11:42:50.019, 13255 MiB, 2689 MiB, 0 %
2026/05/22 11:42:51.020, 12807 MiB, 3137 MiB, 18 %
2026/05/22 11:42:52.020, 12999 MiB, 2945 MiB, 32 %
2026/05/22 11:42:53.020, 13223 MiB, 2721 MiB, 20 %
2026/05/22 11:42:54.020, 13415 MiB, 2529 MiB, 2 %
2026/05/22 11:42:55.020, 13415 MiB, 2529 MiB, 0 %
2026/05/22 11:42:56.021, 13415 MiB, 2529 MiB, 0 %
2026/05/22 11:42:57.021, 12775 MiB, 3169 MiB, 9 %
2026/05/22 11:42:58.021, 13031 MiB, 2913 MiB, 10 %
2026/05/22 11:42:59.021, 13191 MiB, 2753 MiB, 100 %
2026/05/22 11:43:00.022, 13319 MiB, 2625 MiB, 0 %
2026/05/22 11:43:01.022, 13319 MiB, 2625 MiB, 0 %
2026/05/22 11:43:02.022, 12743 MiB, 3201 MiB, 7 %
2026/05/22 11:43:03.022, 12999 MiB, 2945 MiB, 8 %
2026/05/22 11:43:04.022, 13255 MiB, 2689 MiB, 9 %
2026/05/22 11:43:05.023, 13447 MiB, 2497 MiB, 2 %
2026/05/22 11:43:06.023, 13447 MiB, 2497 MiB, 0 %
2026/05/22 11:43:07.023, 13447 MiB, 2497 MiB, 0 %
2026/05/22 11:43:08.023, 12711 MiB, 3233 MiB, 17 %
2026/05/22 11:43:09.024, 12935 MiB, 3009 MiB, 19 %
2026/05/22 11:43:10.024, 13127 MiB, 2817 MiB, 35 %
2026/05/22 11:43:11.024, 13255 MiB, 2689 MiB, 0 %
2026/05/22 11:43:12.024, 13255 MiB, 2689 MiB, 0 %
2026/05/22 11:43:13.024, 12711 MiB, 3233 MiB, 13 %
2026/05/22 11:43:14.024, 12903 MiB, 3041 MiB, 10 %
2026/05/22 11:43:15.025, 13191 MiB, 2753 MiB, 9 %
2026/05/22 11:43:16.025, 13383 MiB, 2561 MiB, 3 %
2026/05/22 11:43:17.025, 13383 MiB, 2561 MiB, 1 %
2026/05/22 11:43:18.025, 12647 MiB, 3297 MiB, 0 %
2026/05/22 11:43:19.025, 12839 MiB, 3105 MiB, 15 %
2026/05/22 11:43:20.026, 13031 MiB, 2913 MiB, 24 %
2026/05/22 11:43:21.026, 13255 MiB, 2689 MiB, 25 %
2026/05/22 11:43:22.026, 13415 MiB, 2529 MiB, 8 %
2026/05/22 11:43:23.026, 13415 MiB, 2529 MiB, 1 %
2026/05/22 11:43:24.026, 13415 MiB, 2529 MiB, 0 %
2026/05/22 11:43:25.027, 12775 MiB, 3169 MiB, 28 %
2026/05/22 11:43:26.027, 12999 MiB, 2945 MiB, 58 %
2026/05/22 11:43:27.027, 13223 MiB, 2721 MiB, 20 %
2026/05/22 11:43:28.027, 13415 MiB, 2529 MiB, 2 %
2026/05/22 11:43:29.028, 13415 MiB, 2529 MiB, 0 %
2026/05/22 11:43:30.028, 13415 MiB, 2529 MiB, 0 %
2026/05/22 11:43:31.028, 12775 MiB, 3169 MiB, 9 %
2026/05/22 11:43:32.028, 12999 MiB, 2945 MiB, 10 %
2026/05/22 11:43:33.028, 13191 MiB, 2753 MiB, 100 %
2026/05/22 11:43:34.029, 13351 MiB, 2593 MiB, 0 %
2026/05/22 11:43:35.029, 13351 MiB, 2593 MiB, 0 %
2026/05/22 11:43:36.029, 12743 MiB, 3201 MiB, 0 %
2026/05/22 11:43:37.029, 12935 MiB, 3009 MiB, 12 %
2026/05/22 11:43:38.029, 13159 MiB, 2785 MiB, 10 %
2026/05/22 11:43:39.030, 13319 MiB, 2625 MiB, 8 %
2026/05/22 11:43:40.030, 13319 MiB, 2625 MiB, 0 %
2026/05/22 11:43:41.030, 12679 MiB, 3265 MiB, 0 %
2026/05/22 11:43:42.030, 12871 MiB, 3073 MiB, 11 %
2026/05/22 11:43:43.030, 12999 MiB, 2945 MiB, 100 %
2026/05/22 11:43:44.031, 13127 MiB, 2817 MiB, 0 %
2026/05/22 11:43:45.031, 12647 MiB, 3297 MiB, 0 %
2026/05/22 11:43:46.031, 12871 MiB, 3073 MiB, 15 %
2026/05/22 11:43:47.031, 13063 MiB, 2881 MiB, 15 %
2026/05/22 11:43:48.032, 13255 MiB, 2689 MiB, 100 %
2026/05/22 11:43:49.032, 13415 MiB, 2529 MiB, 0 %
2026/05/22 11:43:50.032, 13415 MiB, 2529 MiB, 0 %
2026/05/22 11:43:51.032, 12647 MiB, 3297 MiB, 0 %
2026/05/22 11:43:52.032, 12839 MiB, 3105 MiB, 12 %
2026/05/22 11:43:53.033, 13095 MiB, 2849 MiB, 10 %
2026/05/22 11:43:54.033, 13351 MiB, 2593 MiB, 43 %
2026/05/22 11:43:55.033, 13351 MiB, 2593 MiB, 0 %
2026/05/22 11:43:56.033, 13351 MiB, 2593 MiB, 0 %
2026/05/22 11:43:57.033, 12807 MiB, 3137 MiB, 16 %
2026/05/22 11:43:58.034, 12999 MiB, 2945 MiB, 33 %
2026/05/22 11:43:59.034, 13159 MiB, 2785 MiB, 23 %
2026/05/22 11:44:00.034, 13319 MiB, 2625 MiB, 0 %
2026/05/22 11:44:01.034, 13319 MiB, 2625 MiB, 0 %
2026/05/22 11:44:02.034, 12679 MiB, 3265 MiB, 0 %
2026/05/22 11:44:03.035, 12871 MiB, 3073 MiB, 11 %
2026/05/22 11:44:04.035, 13095 MiB, 2849 MiB, 10 %
2026/05/22 11:44:05.035, 13223 MiB, 2721 MiB, 0 %
2026/05/22 11:44:06.035, 13223 MiB, 2721 MiB, 0 %
2026/05/22 11:44:07.035, 12743 MiB, 3201 MiB, 10 %
2026/05/22 11:44:08.036, 12999 MiB, 2945 MiB, 6 %
2026/05/22 11:44:09.036, 13223 MiB, 2721 MiB, 8 %
2026/05/22 11:44:10.036, 13415 MiB, 2529 MiB, 0 %
2026/05/22 11:44:11.036, 13415 MiB, 2529 MiB, 0 %
2026/05/22 11:44:12.036, 12647 MiB, 3297 MiB, 0 %
2026/05/22 11:44:13.037, 12807 MiB, 3137 MiB, 17 %
2026/05/22 11:44:14.037, 12999 MiB, 2945 MiB, 25 %
2026/05/22 11:44:15.037, 13127 MiB, 2817 MiB, 100 %
2026/05/22 11:44:16.037, 13255 MiB, 2689 MiB, 0 %
2026/05/22 11:44:17.037, 13255 MiB, 2689 MiB, 0 %
2026/05/22 11:44:18.037, 12775 MiB, 3169 MiB, 11 %
2026/05/22 11:44:19.038, 13031 MiB, 2913 MiB, 10 %
2026/05/22 11:44:20.038, 13223 MiB, 2721 MiB, 12 %
2026/05/22 11:44:21.038, 13415 MiB, 2529 MiB, 0 %
2026/05/22 11:44:22.038, 13415 MiB, 2529 MiB, 0 %
2026/05/22 11:44:23.038, 12647 MiB, 3297 MiB, 0 %
2026/05/22 11:44:24.039, 12839 MiB, 3105 MiB, 12 %
2026/05/22 11:44:25.039, 13095 MiB, 2849 MiB, 10 %
2026/05/22 11:44:26.039, 13319 MiB, 2625 MiB, 2 %
2026/05/22 11:44:27.039, 13319 MiB, 2625 MiB, 0 %
2026/05/22 11:44:28.039, 13319 MiB, 2625 MiB, 1 %
2026/05/22 11:44:29.040, 12807 MiB, 3137 MiB, 10 %
2026/05/22 11:44:30.040, 13031 MiB, 2913 MiB, 8 %
2026/05/22 11:44:31.040, 13255 MiB, 2689 MiB, 15 %
2026/05/22 11:44:32.040, 13447 MiB, 2497 MiB, 2 %
2026/05/22 11:44:33.040, 13447 MiB, 2497 MiB, 1 %
2026/05/22 11:44:34.041, 13447 MiB, 2497 MiB, 1 %
2026/05/22 11:44:35.041, 12743 MiB, 3201 MiB, 10 %
2026/05/22 11:44:36.041, 12999 MiB, 2945 MiB, 9 %
2026/05/22 11:44:37.041, 13255 MiB, 2689 MiB, 48 %
2026/05/22 11:44:38.042, 13255 MiB, 2689 MiB, 0 %
2026/05/22 11:44:39.042, 13255 MiB, 2689 MiB, 1 %
2026/05/22 11:44:40.042, 12839 MiB, 3105 MiB, 8 %
2026/05/22 11:44:41.042, 13063 MiB, 2881 MiB, 8 %
2026/05/22 11:44:42.042, 13223 MiB, 2721 MiB, 100 %
2026/05/22 11:44:43.043, 13383 MiB, 2561 MiB, 0 %
2026/05/22 11:44:44.043, 13383 MiB, 2561 MiB, 0 %
2026/05/22 11:44:45.043, 12743 MiB, 3201 MiB, 27 %
2026/05/22 11:44:46.043, 12935 MiB, 3009 MiB, 15 %
2026/05/22 11:44:47.043, 13127 MiB, 2817 MiB, 19 %
2026/05/22 11:44:48.044, 13223 MiB, 2721 MiB, 100 %
2026/05/22 11:44:49.044, 13415 MiB, 2529 MiB, 1 %
2026/05/22 11:44:50.044, 13415 MiB, 2529 MiB, 1 %
2026/05/22 11:44:51.044, 12647 MiB, 3297 MiB, 24 %
2026/05/22 11:44:52.044, 12935 MiB, 3009 MiB, 13 %
2026/05/22 11:44:53.045, 13191 MiB, 2753 MiB, 28 %
2026/05/22 11:44:54.045, 13415 MiB, 2529 MiB, 11 %
2026/05/22 11:44:55.045, 13415 MiB, 2529 MiB, 0 %
2026/05/22 11:44:56.046, 13415 MiB, 2529 MiB, 0 %
2026/05/22 11:44:57.046, 12711 MiB, 3233 MiB, 30 %
2026/05/22 11:44:58.046, 12871 MiB, 3073 MiB, 44 %
2026/05/22 11:44:59.046, 13063 MiB, 2881 MiB, 23 %
2026/05/22 11:45:00.047, 13191 MiB, 2753 MiB, 100 %
2026/05/22 11:45:01.047, 13351 MiB, 2593 MiB, 1 %
2026/05/22 11:45:02.047, 13351 MiB, 2593 MiB, 0 %
2026/05/22 11:45:03.047, 12743 MiB, 3201 MiB, 9 %
2026/05/22 11:45:04.047, 12999 MiB, 2945 MiB, 11 %
2026/05/22 11:45:05.048, 13159 MiB, 2785 MiB, 95 %
2026/05/22 11:45:06.048, 13319 MiB, 2625 MiB, 0 %
2026/05/22 11:45:07.048, 13319 MiB, 2625 MiB, 0 %
2026/05/22 11:45:08.048, 12711 MiB, 3233 MiB, 7 %
2026/05/22 11:45:09.048, 12935 MiB, 3009 MiB, 10 %
2026/05/22 11:45:10.049, 13159 MiB, 2785 MiB, 36 %
2026/05/22 11:45:11.049, 13159 MiB, 2785 MiB, 1 %
2026/05/22 11:45:12.049, 12647 MiB, 3297 MiB, 14 %
2026/05/22 11:45:13.049, 12935 MiB, 3009 MiB, 10 %
2026/05/22 11:45:14.049, 13255 MiB, 2689 MiB, 14 %
2026/05/22 11:45:15.050, 13415 MiB, 2529 MiB, 2 %
2026/05/22 11:45:16.050, 13415 MiB, 2529 MiB, 0 %
2026/05/22 11:45:17.050, 13415 MiB, 2529 MiB, 0 %
2026/05/22 11:45:18.050, 12743 MiB, 3201 MiB, 17 %
2026/05/22 11:45:19.050, 12903 MiB, 3041 MiB, 25 %
2026/05/22 11:45:20.050, 13095 MiB, 2849 MiB, 50 %
2026/05/22 11:45:21.051, 13351 MiB, 2593 MiB, 27 %
2026/05/22 11:45:22.051, 13351 MiB, 2593 MiB, 0 %
2026/05/22 11:45:23.051, 13351 MiB, 2593 MiB, 0 %
2026/05/22 11:45:24.051, 12807 MiB, 3137 MiB, 17 %
2026/05/22 11:45:25.051, 12999 MiB, 2945 MiB, 29 %
2026/05/22 11:45:26.052, 13191 MiB, 2753 MiB, 27 %
2026/05/22 11:45:27.052, 13319 MiB, 2625 MiB, 3 %
2026/05/22 11:45:28.052, 13319 MiB, 2625 MiB, 0 %
2026/05/22 11:45:29.052, 12647 MiB, 3297 MiB, 0 %
2026/05/22 11:45:30.052, 12871 MiB, 3073 MiB, 12 %
2026/05/22 11:45:31.053, 13095 MiB, 2849 MiB, 16 %
2026/05/22 11:45:32.053, 13223 MiB, 2721 MiB, 0 %
2026/05/22 11:45:33.053, 13223 MiB, 2721 MiB, 0 %
2026/05/22 11:45:34.053, 12743 MiB, 3201 MiB, 10 %
2026/05/22 11:45:35.053, 12999 MiB, 2945 MiB, 15 %
2026/05/22 11:45:36.054, 13223 MiB, 2721 MiB, 9 %
2026/05/22 11:45:37.054, 13415 MiB, 2529 MiB, 0 %
2026/05/22 11:45:38.054, 13415 MiB, 2529 MiB, 0 %
2026/05/22 11:45:39.054, 12647 MiB, 3297 MiB, 0 %
2026/05/22 11:45:40.054, 12807 MiB, 3137 MiB, 27 %
2026/05/22 11:45:41.055, 12999 MiB, 2945 MiB, 25 %
2026/05/22 11:45:42.055, 13127 MiB, 2817 MiB, 100 %
2026/05/22 11:45:43.055, 13255 MiB, 2689 MiB, 0 %
2026/05/22 11:45:44.055, 13255 MiB, 2689 MiB, 0 %
2026/05/22 11:45:45.055, 12839 MiB, 3105 MiB, 10 %
2026/05/22 11:45:46.056, 13063 MiB, 2881 MiB, 7 %
2026/05/22 11:45:47.056, 13255 MiB, 2689 MiB, 99 %
2026/05/22 11:45:48.056, 13415 MiB, 2529 MiB, 0 %
2026/05/22 11:45:49.056, 13415 MiB, 2529 MiB, 0 %
2026/05/22 11:45:50.057, 12647 MiB, 3297 MiB, 0 %
2026/05/22 11:45:51.057, 12871 MiB, 3073 MiB, 12 %
2026/05/22 11:45:52.057, 13095 MiB, 2849 MiB, 11 %
2026/05/22 11:45:53.057, 13319 MiB, 2625 MiB, 2 %
2026/05/22 11:45:54.057, 13319 MiB, 2625 MiB, 0 %
2026/05/22 11:45:55.058, 13319 MiB, 2625 MiB, 1 %
2026/05/22 11:45:56.058, 12839 MiB, 3105 MiB, 10 %
2026/05/22 11:45:57.058, 13063 MiB, 2881 MiB, 8 %
2026/05/22 11:45:58.058, 13255 MiB, 2689 MiB, 59 %
2026/05/22 11:45:59.059, 13447 MiB, 2497 MiB, 0 %
2026/05/22 11:46:00.059, 13447 MiB, 2497 MiB, 0 %
2026/05/22 11:46:01.059, 13447 MiB, 2497 MiB, 0 %
2026/05/22 11:46:02.059, 12775 MiB, 3169 MiB, 10 %
2026/05/22 11:46:03.059, 13031 MiB, 2913 MiB, 11 %
2026/05/22 11:46:04.060, 13255 MiB, 2689 MiB, 3 %
2026/05/22 11:46:05.060, 13255 MiB, 2689 MiB, 1 %
2026/05/22 11:46:06.060, 12647 MiB, 3297 MiB, 0 %
2026/05/22 11:46:07.060, 12871 MiB, 3073 MiB, 10 %
2026/05/22 11:46:08.060, 13095 MiB, 2849 MiB, 8 %
2026/05/22 11:46:09.061, 13383 MiB, 2561 MiB, 2 %
2026/05/22 11:46:10.061, 13383 MiB, 2561 MiB, 0 %
2026/05/22 11:46:11.061, 13383 MiB, 2561 MiB, 0 %
2026/05/22 11:46:12.061, 12807 MiB, 3137 MiB, 10 %
2026/05/22 11:46:13.061, 13063 MiB, 2881 MiB, 7 %
2026/05/22 11:46:14.062, 13223 MiB, 2721 MiB, 100 %
2026/05/22 11:46:15.062, 13415 MiB, 2529 MiB, 0 %
2026/05/22 11:46:16.062, 13415 MiB, 2529 MiB, 0 %
2026/05/22 11:46:17.062, 12647 MiB, 3297 MiB, 1 %
2026/05/22 11:46:18.062, 12839 MiB, 3105 MiB, 17 %
2026/05/22 11:46:19.063, 13031 MiB, 2913 MiB, 26 %
2026/05/22 11:46:20.063, 13255 MiB, 2689 MiB, 68 %
2026/05/22 11:46:21.063, 13415 MiB, 2529 MiB, 2 %
2026/05/22 11:46:22.063, 13415 MiB, 2529 MiB, 0 %
2026/05/22 11:46:23.064, 12647 MiB, 3297 MiB, 0 %
2026/05/22 11:46:24.064, 12839 MiB, 3105 MiB, 9 %
2026/05/22 11:46:25.064, 13063 MiB, 2881 MiB, 9 %
2026/05/22 11:46:26.064, 13191 MiB, 2753 MiB, 100 %
2026/05/22 11:46:27.064, 13351 MiB, 2593 MiB, 0 %
2026/05/22 11:46:28.065, 13351 MiB, 2593 MiB, 0 %
2026/05/22 11:46:29.065, 12743 MiB, 3201 MiB, 9 %
2026/05/22 11:46:30.065, 12999 MiB, 2945 MiB, 13 %
2026/05/22 11:46:31.065, 13159 MiB, 2785 MiB, 81 %
2026/05/22 11:46:32.065, 13319 MiB, 2625 MiB, 0 %
2026/05/22 11:46:33.066, 13319 MiB, 2625 MiB, 0 %
2026/05/22 11:46:34.066, 12711 MiB, 3233 MiB, 19 %
2026/05/22 11:46:35.066, 12935 MiB, 3009 MiB, 10 %
2026/05/22 11:46:36.066, 13159 MiB, 2785 MiB, 30 %
2026/05/22 11:46:37.066, 13159 MiB, 2785 MiB, 0 %
2026/05/22 11:46:38.067, 12647 MiB, 3297 MiB, 13 %
2026/05/22 11:46:39.067, 12935 MiB, 3009 MiB, 6 %
2026/05/22 11:46:40.067, 13255 MiB, 2689 MiB, 15 %
2026/05/22 11:46:41.067, 13415 MiB, 2529 MiB, 2 %
2026/05/22 11:46:42.067, 13415 MiB, 2529 MiB, 0 %
2026/05/22 11:46:43.068, 13415 MiB, 2529 MiB, 0 %
2026/05/22 11:46:44.068, 12743 MiB, 3201 MiB, 15 %
2026/05/22 11:46:45.068, 12935 MiB, 3009 MiB, 17 %
2026/05/22 11:46:46.068, 13191 MiB, 2753 MiB, 27 %
2026/05/22 11:46:47.068, 13351 MiB, 2593 MiB, 25 %
2026/05/22 11:46:48.069, 13351 MiB, 2593 MiB, 0 %
2026/05/22 11:46:49.069, 13351 MiB, 2593 MiB, 0 %
2026/05/22 11:46:50.069, 12807 MiB, 3137 MiB, 9 %
2026/05/22 11:46:51.069, 13031 MiB, 2913 MiB, 8 %
2026/05/22 11:46:52.069, 13191 MiB, 2753 MiB, 100 %
2026/05/22 11:46:53.070, 13319 MiB, 2625 MiB, 0 %
2026/05/22 11:46:54.070, 13319 MiB, 2625 MiB, 1 %
2026/05/22 11:46:55.070, 12743 MiB, 3201 MiB, 11 %
2026/05/22 11:46:56.070, 12935 MiB, 3009 MiB, 8 %
2026/05/22 11:46:57.070, 13095 MiB, 2849 MiB, 100 %
2026/05/22 11:46:58.071, 13223 MiB, 2721 MiB, 1 %
2026/05/22 11:46:59.071, 13223 MiB, 2721 MiB, 0 %
2026/05/22 11:47:00.071, 12679 MiB, 3265 MiB, 5 %
2026/05/22 11:47:01.071, 12679 MiB, 3265 MiB, 81 %
2026/05/22 11:47:02.071, 12679 MiB, 3265 MiB, 81 %
2026/05/22 11:47:03.072, 12679 MiB, 3265 MiB, 13 %
2026/05/22 11:47:04.072, 12647 MiB, 3297 MiB, 4 %
2026/05/22 11:47:05.072, 12679 MiB, 3265 MiB, 100 %
2026/05/22 11:47:06.072, 12679 MiB, 3265 MiB, 3 %
2026/05/22 11:47:07.072, 12711 MiB, 3233 MiB, 100 %
2026/05/22 11:47:08.073, 2879 MiB, 13065 MiB, 0 %
